Label,Area,Mean,Perim,Circ,AR,Round,Solidity,type
"GL261_Hipoksja_19_48h_większa_konfluencja_po_obrobieniu,jpg",1518,119.35244,236.57004,0.34085,5.27818,0.18946,0.77095,GL261
"GL261_Hipoksja_19_48h_większa_konfluencja_po_obrobieniu,jpg",1331,122.70398,295.88346,0.19105,3.91925,0.25515,0.53529,GL261
"GL261_Hipoksja_19_48h_większa_konfluencja_po_obrobieniu,jpg",1522,129.50263,250.33092,0.30521,2.53245,0.39487,0.58392,GL261
"GL261_Hipoksja_19_48h_większa_konfluencja_po_obrobieniu,jpg",917,121.85605,177.93083,0.36398,2.44039,0.40977,0.70214,GL261
"GL261_Hipoksja_19_48h_większa_konfluencja_po_obrobieniu,jpg",1110,135.67207,199.21575,0.35147,1.99328,0.50169,0.58637,GL261
"GL261_Hipoksja_19_48h_większa_konfluencja_po_obrobieniu,jpg",2190,141.97671,371.63895,0.19926,1.66916,0.5991,0.4201,GL261
"GL261_Hipoksja_19_48h_większa_konfluencja_po_obrobieniu,jpg",1199,135.92911,184.13668,0.44437,2.14225,0.4668,0.78213,GL261
"GL261_Hipoksja_19_48h_większa_konfluencja_po_obrobieniu,jpg",813,138.06519,145.7116,0.48119,2.51469,0.39766,0.78286,GL261
"GL261_Hipoksja_19_48h_większa_konfluencja_po_obrobieniu,jpg",1162,136.63253,222.2734,0.29556,3.52289,0.28386,0.65854,GL261
"GL261_Hipoksja_19_48h_większa_konfluencja_po_obrobieniu,jpg",1399,138.33024,183.52461,0.52196,2.20526,0.45346,0.78091,GL261
"GL261_Hipoksja_19_48h_większa_konfluencja_po_obrobieniu,jpg",971,139.6138,250.9063,0.19382,2.46462,0.40574,0.43252,GL261
"GL261_Hipoksja_19_48h_większa_konfluencja_po_obrobieniu,jpg",686,135.23907,138.65981,0.44837,3.23786,0.30885,0.83761,GL261
"GL261_Hipoksja_19_48h_większa_konfluencja_po_obrobieniu,jpg",1370,143.44526,202.57224,0.41954,2.03907,0.49042,0.72641,GL261
"GL261_Hipoksja_19_48h_większa_konfluencja_po_obrobieniu,jpg",817,142.2705,133.73272,0.57406,1.71705,0.5824,0.81052,GL261
"GL261_Hipoksja_19_48h_większa_konfluencja_po_obrobieniu,jpg",1554,146.5,284.19993,0.24178,2.47183,0.40456,0.56934,GL261
"GL261_Hipoksja_19_48h_większa_konfluencja_po_obrobieniu,jpg",534,132.42135,97.61688,0.70421,1.80539,0.5539,0.84294,GL261
"GL261_Hipoksja_19_48h_większa_konfluencja_po_obrobieniu,jpg",1302,136.15361,207.85222,0.37871,4.50095,0.22218,0.7879,GL261
"GL261_Hipoksja_19_48h_większa_konfluencja_po_obrobieniu,jpg",1859,139.37386,332.09872,0.21181,2.91741,0.34277,0.47949,GL261
"GL261_Hipoksja_19_48h_większa_konfluencja_po_obrobieniu,jpg",741,123.59919,127.45554,0.57321,1.80704,0.55339,0.83634,GL261
"GL261_Hipoksja_19_48h_większa_konfluencja_po_obrobieniu,jpg",2668,139.92091,319.45726,0.32853,2.33164,0.42888,0.67733,GL261
"GL261_Hipoksja_19_48h_większa_konfluencja_po_obrobieniu,jpg",1691,136.77587,207.06233,0.49562,1.34889,0.74135,0.83219,GL261
"GL261_Hipoksja_19_48h_większa_konfluencja_po_obrobieniu,jpg",1175,124.52681,191.0658,0.40447,4.81945,0.20749,0.81996,GL261
"GL261_Hipoksja_19_48h_większa_konfluencja_po_obrobieniu,jpg",1632,136.86703,205.70143,0.48468,1.9667,0.50847,0.74368,GL261
"GL261_Hipoksja_19_48h_większa_konfluencja_po_obrobieniu,jpg",2261,141.3149,460.60889,0.13392,4.81737,0.20758,0.39604,GL261
"GL261_Hipoksja_19_48h_większa_konfluencja_po_obrobieniu,jpg",686,132.23032,133.39041,0.48449,2.90766,0.34392,0.83455,GL261
"GL261_Hipoksja_19_48h_większa_konfluencja_po_obrobieniu,jpg",1387,145.32733,184.47957,0.51214,2.65693,0.37637,0.8154,GL261
"GL261_Hipoksja_19_48h_większa_konfluencja_po_obrobieniu,jpg",902,127.30377,148.49317,0.51405,1.54825,0.64589,0.7615,GL261
"GL261_Hipoksja_19_48h_większa_konfluencja_po_obrobieniu,jpg",1635,139.84832,170.82144,0.70411,1.30513,0.76621,0.87762,GL261
"GL261_Hipoksja_19_48h_większa_konfluencja_po_obrobieniu,jpg",1253,128.2498,148.82457,0.71091,1.48775,0.67216,0.88115,GL261
"GL261_Hipoksja_19_48h_większa_konfluencja_po_obrobieniu,jpg",760,119.89211,155.18065,0.3966,3.0442,0.32849,0.76229,GL261
"GL261_Hipoksja_19_48h_większa_konfluencja_po_obrobieniu,jpg",2261,146.64396,231.4747,0.53028,1.62418,0.6157,0.79236,GL261
"GL261_Hipoksja_19_48h_większa_konfluencja_po_obrobieniu,jpg",937,132.05123,151.00415,0.51638,2.86326,0.34925,0.85963,GL261
"GL261_Hipoksja_19_48h_większa_konfluencja_po_obrobieniu,jpg",1280,138.64922,223.12046,0.3231,1.31791,0.75878,0.57788,GL261
"GL261_Hipoksja_19_48h_większa_konfluencja_po_obrobieniu,jpg",1595,141.72539,220.53677,0.41211,1.82826,0.54697,0.67186,GL261
"GL261_Hipoksja_19_48h_większa_konfluencja_po_obrobieniu,jpg",1448,136.77348,219.66557,0.3771,1.70176,0.58763,0.65669,GL261
"GL261_Hipoksja_19_48h_większa_konfluencja_po_obrobieniu,jpg",1051,125.2274,163.64836,0.49316,2.27989,0.43862,0.80413,GL261
"GL261_Hipoksja_19_48h_większa_konfluencja_po_obrobieniu,jpg",708,129.56356,122.51304,0.59276,2.26299,0.44189,0.86289,GL261
"GL261_Hipoksja_19_48h_większa_konfluencja_po_obrobieniu,jpg",1065,135.55399,161.42342,0.5136,1.6488,0.6065,0.75,GL261
"GL261_Hipoksja_19_48h_większa_konfluencja_po_obrobieniu,jpg",1099,139.77343,166.97281,0.49535,2.06316,0.48469,0.7898,GL261
"GL261_Hipoksja_19_48h_większa_konfluencja_po_obrobieniu,jpg",654,121.44954,121.10888,0.56032,1.26059,0.79328,0.79562,GL261
"GL261_Normoksja_16_48h_większa_konfluencja,jpg",1121,103.27029,162.21578,0.53534,2.80832,0.35608,0.8986,GL261
"GL261_Normoksja_16_48h_większa_konfluencja,jpg",954,111.19392,140.33693,0.60872,1.42002,0.70422,0.79899,GL261
"GL261_Normoksja_16_48h_większa_konfluencja,jpg",835,108.57246,137.06394,0.55853,2.24139,0.44615,0.83709,GL261
"GL261_Normoksja_16_48h_większa_konfluencja,jpg",1283,112.80359,183.65246,0.47802,2.97624,0.33599,0.87697,GL261
"GL261_Normoksja_16_48h_większa_konfluencja,jpg",642,109.02492,135.17914,0.44149,1.83932,0.54368,0.80502,GL261
"GL261_Normoksja_16_48h_większa_konfluencja,jpg",2110,103.68578,293.52031,0.30776,2.06201,0.48496,0.74361,GL261
"GL261_Normoksja_16_48h_większa_konfluencja,jpg",780,109.40128,149.23953,0.44009,2.33475,0.42831,0.72727,GL261
"GL261_Normoksja_16_48h_większa_konfluencja,jpg",1146,109.90925,235.25666,0.2602,3.13853,0.31862,0.58069,GL261
"GL261_Normoksja_16_48h_większa_konfluencja,jpg",959,111.68092,248.83147,0.19463,2.76164,0.3621,0.4371,GL261
"GL261_Normoksja_16_48h_większa_konfluencja,jpg",1039,113.13763,160.03514,0.50979,1.71559,0.58289,0.80825,GL261
"GL261_Normoksja_16_48h_większa_konfluencja,jpg",1549,109.255,319.39972,0.19081,5.35808,0.18663,0.57982,GL261
"GL261_Normoksja_16_48h_większa_konfluencja,jpg",1413,105.62703,212.93893,0.3916,1.13506,0.88101,0.67479,GL261
"GL261_Normoksja_16_48h_większa_konfluencja,jpg",1768,110.2302,322.58461,0.2135,1.52851,0.65423,0.54864,GL261
"GL261_Normoksja_16_48h_większa_konfluencja,jpg",1382,110.05427,251.85481,0.27379,3.57179,0.27997,0.65204,GL261
"GL261_Normoksja_16_48h_większa_konfluencja,jpg",1062,106.81262,215.95085,0.28617,4.96149,0.20155,0.70753,GL261
"GL261_Normoksja_16_48h_większa_konfluencja,jpg",1616,113.63861,191.32339,0.55477,1.26322,0.79163,0.79138,GL261
"GL261_Normoksja_16_48h_większa_konfluencja,jpg",463,103.8121,111.05963,0.47171,1.80919,0.55273,0.73492,GL261
"GL261_Normoksja_16_48h_większa_konfluencja,jpg",1008,115.8631,151.66992,0.55064,1.34976,0.74087,0.75336,GL261
"GL261_Normoksja_16_48h_większa_konfluencja,jpg",1288,112.35481,210.21297,0.36627,2.83775,0.35239,0.70344,GL261
"GL261_Normoksja_16_48h_większa_konfluencja,jpg",1158,110.69862,173.20848,0.48504,3.04077,0.32886,0.8521,GL261
"GL261_Normoksja_16_48h_większa_konfluencja,jpg",1023,107.78104,197.45356,0.32973,6.50755,0.15367,0.78481,GL261
"GL261_Normoksja_16_48h_większa_konfluencja,jpg",1359,108.02281,297.82857,0.19253,1.60688,0.62232,0.37692,GL261
"GL261_Normoksja_16_48h_większa_konfluencja,jpg",854,110.01054,206.58224,0.25147,2.35008,0.42552,0.52232,GL261
"GL261_Normoksja_16_48h_większa_konfluencja,jpg",866,113.29215,131.10543,0.63312,1.31977,0.75771,0.87035,GL261
"GL261_Normoksja_16_48h_większa_konfluencja,jpg",1560,105.2859,173.72209,0.64957,1.13365,0.88211,0.84691,GL261
"GL261_Normoksja_16_48h_większa_konfluencja,jpg",1057,102.13434,198.99221,0.33544,3.6598,0.27324,0.80076,GL261
"GL261_Normoksja_16_48h_większa_konfluencja,jpg",1787,111.4958,335.116,0.19996,9.8767,0.10125,0.66654,GL261
"GL261_Normoksja_16_48h_większa_konfluencja,jpg",1528,108.4856,267.5083,0.26832,6.20203,0.16124,0.73321,GL261
"GL261_Normoksja_16_48h_większa_konfluencja,jpg",1275,106.71373,260.96056,0.23527,3.68063,0.27169,0.62362,GL261
"GL261_Normoksja_16_48h_większa_konfluencja,jpg",1854,109.23409,235.09139,0.42155,1.87686,0.5328,0.73426,GL261
"GL261_Normoksja_16_48h_większa_konfluencja,jpg",1449,107.81504,190.85608,0.49988,1.50274,0.66545,0.77507,GL261
"GL261_Normoksja_16_48h_większa_konfluencja,jpg",1160,105.93276,255.24538,0.22374,4.71065,0.21228,0.51146,GL261
"GL261_Normoksja_16_48h_większa_konfluencja,jpg",1169,107.21985,201.45709,0.36196,2.36656,0.42255,0.7115,GL261
"GL261_Normoksja_16_48h_większa_konfluencja,jpg",2159,102.51969,384.78486,0.18324,6.68036,0.14969,0.55459,GL261
"GL261_Normoksja_16_48h_większa_konfluencja,jpg",1065,111.24977,157.80767,0.53741,1.19614,0.83602,0.79006,GL261
"GL261_Normoksja_16_48h_większa_konfluencja,jpg",1648,110.0625,239.44826,0.3612,2.13256,0.46892,0.70307,GL261
"GL261_Normoksja_16_48h_większa_konfluencja,jpg",1089,109.47842,160.83547,0.52902,1.54346,0.64789,0.80936,GL261
"GL261_Normoksja_16_48h_większa_konfluencja,jpg",1296,111.66821,357.07073,0.12773,1.70059,0.58803,0.3371,GL261
"GL261_Normoksja_16_48h_większa_konfluencja,jpg",1097,106.64813,170.13818,0.47623,3.67282,0.27227,0.8471,GL261
"GL261_Normoksja_16_48h_większa_konfluencja,jpg",1035,112.64541,146.02637,0.60994,2.02858,0.49296,0.82866,GL261
"GL261_Normoksja_16_48h_większa_konfluencja,jpg",598,98.94147,113.47625,0.58358,2.41123,0.41473,0.8932,GL261
"GL261_Normoksja_16_48h_większa_konfluencja,jpg",942,109.45966,191.59696,0.32247,2.70329,0.36992,0.56071,GL261
"GL261_Normoksja_16_48h_większa_konfluencja,jpg",1020,104.1451,238.71853,0.22493,2.29621,0.4355,0.43749,GL261
"GL261_Normoksja_16_48h_większa_konfluencja,jpg",1020,104.1451,238.71853,0.22493,2.29621,0.4355,0.43749,GL261
"GL261_Normoksja_16_48h_większa_konfluencja,jpg",773,99.44114,118.70151,0.68941,1.24623,0.80242,0.87099,GL261
"LN229_Hipoksja_15_48h_większa_konfluencja_po_obrobieniu,jpg",2555,165.92016,208.12269,0.74125,1.44001,0.69444,0.94003,LN229
"LN229_Hipoksja_15_48h_większa_konfluencja_po_obrobieniu,jpg",3429,163.0277,337.32921,0.37868,3.65262,0.27378,0.7323,LN229
"LN229_Hipoksja_15_48h_większa_konfluencja_po_obrobieniu,jpg",2704,167.9179,233.17881,0.62494,1.86184,0.5371,0.81323,LN229
"LN229_Hipoksja_15_48h_większa_konfluencja_po_obrobieniu,jpg",4081,166.06567,288.69437,0.61532,1.10602,0.90414,0.8227,LN229
"LN229_Hipoksja_15_48h_większa_konfluencja_po_obrobieniu,jpg",3313,168.16511,278.47583,0.53685,2.29583,0.43557,0.85189,LN229
"LN229_Hipoksja_15_48h_większa_konfluencja_po_obrobieniu,jpg",3666,168.53191,239.65334,0.80211,1.15833,0.86331,0.93401,LN229
"LN229_Hipoksja_15_48h_większa_konfluencja_po_obrobieniu,jpg",3361,169.12913,233.13292,0.77709,1.36511,0.73254,0.90459,LN229
"LN229_Hipoksja_15_48h_większa_konfluencja_po_obrobieniu,jpg",3489,170.06506,245.7556,0.72595,1.60404,0.62342,0.89749,LN229
"LN229_Hipoksja_15_48h_większa_konfluencja_po_obrobieniu,jpg",1161,168.26098,200.63809,0.36242,3.60457,0.27743,0.68496,LN229
"LN229_Hipoksja_15_48h_większa_konfluencja_po_obrobieniu,jpg",1303,161.82886,158.41959,0.65243,1.47379,0.67852,0.82338,LN229
"LN229_Hipoksja_15_48h_większa_konfluencja_po_obrobieniu,jpg",4320,169.7206,249.38612,0.87287,1.19824,0.83456,0.95449,LN229
"LN229_Hipoksja_15_48h_większa_konfluencja_po_obrobieniu,jpg",2626,167.10853,205.27372,0.78314,1.47081,0.6799,0.91482,LN229
"LN229_Hipoksja_15_48h_większa_konfluencja_po_obrobieniu,jpg",4463,169.43379,263.9698,0.80487,1.53472,0.65158,0.94635,LN229
"LN229_Hipoksja_15_48h_większa_konfluencja_po_obrobieniu,jpg",2849,167.12039,246.36658,0.58985,2.17832,0.45907,0.82989,LN229
"LN229_Hipoksja_15_48h_większa_konfluencja_po_obrobieniu,jpg",2089,164.24988,235.25595,0.47432,3.06737,0.32601,0.81954,LN229
"LN229_Hipoksja_15_48h_większa_konfluencja_po_obrobieniu,jpg",3361,170.51473,231.59048,0.78748,1.70806,0.58546,0.93608,LN229
"LN229_Hipoksja_15_48h_większa_konfluencja_po_obrobieniu,jpg",3218,169.19267,228.70832,0.77309,1.73607,0.57601,0.91472,LN229
"LN229_Hipoksja_15_48h_większa_konfluencja_po_obrobieniu,jpg",3424,170.78446,286.92569,0.52264,1.41187,0.70828,0.7914,LN229
"LN229_Hipoksja_15_48h_większa_konfluencja_po_obrobieniu,jpg",1361,163.97428,156.11016,0.70179,1.27773,0.78264,0.88205,LN229
"LN229_Hipoksja_15_48h_większa_konfluencja_po_obrobieniu,jpg",3226,164.3137,225.12007,0.79992,1.48985,0.67121,0.93291,LN229
"LN229_Hipoksja_15_48h_większa_konfluencja_po_obrobieniu,jpg",2926,163.81408,258.05819,0.55214,2.05555,0.48649,0.83172,LN229
"LN229_Hipoksja_15_48h_większa_konfluencja_po_obrobieniu,jpg",3151,157.64075,301.83482,0.43463,1.43342,0.69763,0.68717,LN229
"LN229_Hipoksja_15_48h_większa_konfluencja_po_obrobieniu,jpg",5303,162.50707,278.66032,0.85819,1.32425,0.75514,0.95567,LN229
"LN229_Hipoksja_15_48h_większa_konfluencja_po_obrobieniu,jpg",3313,164.5741,240.22779,0.72141,1.12018,0.89271,0.90088,LN229
"LN229_Hipoksja_15_48h_większa_konfluencja_po_obrobieniu,jpg",3749,163.49747,263.68478,0.67757,1.98786,0.50305,0.87563,LN229
"LN229_Hipoksja_15_48h_większa_konfluencja_po_obrobieniu,jpg",4020,161.96244,247.27147,0.82621,1.42608,0.70122,0.94035,LN229
"LN229_Hipoksja_15_48h_większa_konfluencja_po_obrobieniu,jpg",2165,164.64157,208.47564,0.62598,1.34388,0.74411,0.81056,LN229
"LN229_Hipoksja_15_48h_większa_konfluencja_po_obrobieniu,jpg",3007,161.58164,242.74752,0.64126,1.37562,0.72694,0.87046,LN229
"LN229_Hipoksja_15_48h_większa_konfluencja_po_obrobieniu,jpg",6500,157.52985,310.49973,0.84723,1.18531,0.84366,0.95085,LN229
"LN229_Hipoksja_15_48h_większa_konfluencja_po_obrobieniu,jpg",2370,154.97384,213.99051,0.65038,1.78421,0.56047,0.87697,LN229
"LN229_Hipoksja_15_48h_większa_konfluencja_po_obrobieniu,jpg",2525,160.32832,222.52529,0.64079,1.75673,0.56924,0.8841,LN229
"LN229_Hipoksja_15_48h_większa_konfluencja_po_obrobieniu,jpg",2722,147.91256,205.78304,0.80775,1.20636,0.82894,0.92774,LN229
"LN229_Hipoksja_15_48h_większa_konfluencja_po_obrobieniu,jpg",1635,152.2104,238.67265,0.36068,3.8043,0.26286,0.70277,LN229
"LN229_Hipoksja_15_48h_większa_konfluencja_po_obrobieniu,jpg",2772,145.95418,204.77803,0.83069,1.39389,0.71742,0.94688,LN229
"LN229_Hipoksja_15_48h_większa_konfluencja_po_obrobieniu,jpg",1871,149.68787,283.3536,0.29284,1.56549,0.63878,0.53305,LN229
"LN229_Hipoksja_15_48h_większa_konfluencja_po_obrobieniu,jpg",2991,151.71515,228.1782,0.7219,1.98301,0.50428,0.913,LN229
"LN229_Hipoksja_15_48h_większa_konfluencja_po_obrobieniu,jpg",2722,161.54115,226.81543,0.66489,1.82193,0.54887,0.85571,LN229
"LN229_Hipoksja_15_48h_większa_konfluencja_po_obrobieniu,jpg",1749,147.67181,166.00357,0.79756,1.30273,0.76762,0.92004,LN229
"LN229_Hipoksja_15_48h_większa_konfluencja_po_obrobieniu,jpg",3117,154.15111,239.96848,0.6802,1.99564,0.50109,0.90742,LN229
"LN229_Hipoksja_15_48h_większa_konfluencja_po_obrobieniu,jpg",4327,159.76404,272.71415,0.73111,1.2084,0.82754,0.90005,LN229
"LN229_Hipoksja_15_48h_większa_konfluencja_po_obrobieniu,jpg",1301,143.48501,152.62022,0.70188,1.13867,0.87821,0.87787,LN229
"LN229_Hipoksja_15_48h_większa_konfluencja_po_obrobieniu,jpg",2527,154.41512,212.30088,0.70455,1.57406,0.6353,0.90997,LN229
"LN229_Hipoksja_15_48h_większa_konfluencja_po_obrobieniu,jpg",1501,150.89207,209.41087,0.43012,1.79812,0.55614,0.75408,LN229
"LN229_Hipoksja_15_48h_większa_konfluencja_po_obrobieniu,jpg",9231,165.60199,391.3163,0.75754,1.59499,0.62696,0.90456,LN229
"LN229_Hipoksja_15_48h_większa_konfluencja_po_obrobieniu,jpg",2272,154.9956,233.78976,0.52236,1.6065,0.62247,0.79733,LN229
"LN229_Hipoksja_15_48h_większa_konfluencja_po_obrobieniu,jpg",3782,150.48837,256.61368,0.72173,1.41767,0.70538,0.90717,LN229
"LN229_Hipoksja_15_48h_większa_konfluencja_po_obrobieniu,jpg",1336,157.22231,140.98611,0.84462,1.22044,0.81938,0.93787,LN229
"LN229_Hipoksja_15_48h_większa_konfluencja_po_obrobieniu,jpg",1041,138.1585,171.97705,0.4423,3.39038,0.29495,0.82619,LN229
"LN229_Hipoksja_15_48h_większa_konfluencja_po_obrobieniu,jpg",3602,153.5347,334.31152,0.405,2.14066,0.46715,0.6399,LN229
"LN229_Hipoksja_15_48h_większa_konfluencja_po_obrobieniu,jpg",4173,150.40307,251.59585,0.82842,1.29437,0.77258,0.93586,LN229
"LN229_Hipoksja_15_48h_większa_konfluencja_po_obrobieniu,jpg",2777,167.8718,239.69598,0.60739,1.63467,0.61174,0.88836,LN229
"LN229_Normoksja_19_48h_większa_konfluencja_po_obrobieniu,jpg",1076,127.579,133.07004,0.76359,1.60765,0.62202,0.93769,LN229
"LN229_Normoksja_19_48h_większa_konfluencja_po_obrobieniu,jpg",1190,132.27563,138.67923,0.77756,1.28204,0.78,0.9232,LN229
"LN229_Normoksja_19_48h_większa_konfluencja_po_obrobieniu,jpg",2823,134.33192,209.47452,0.80846,1.63109,0.61309,0.94732,LN229
"LN229_Normoksja_19_48h_większa_konfluencja_po_obrobieniu,jpg",1676,133.65274,199.6089,0.5286,1.80583,0.55376,0.83695,LN229
"LN229_Normoksja_19_48h_większa_konfluencja_po_obrobieniu,jpg",1141,128.44522,158.0308,0.57413,2.88224,0.34695,0.87702,LN229
"LN229_Normoksja_19_48h_większa_konfluencja_po_obrobieniu,jpg",991,127.57921,184.92497,0.36416,2.30813,0.43325,0.66667,LN229
"LN229_Normoksja_19_48h_większa_konfluencja_po_obrobieniu,jpg",1573,131.41132,150.27096,0.87536,1.28779,0.77652,0.95856,LN229
"LN229_Normoksja_19_48h_większa_konfluencja_po_obrobieniu,jpg",1279,130.06333,203.93234,0.38646,3.50251,0.28551,0.7604,LN229
"LN229_Normoksja_19_48h_większa_konfluencja_po_obrobieniu,jpg",1177,129.09601,205.31984,0.35085,4.74273,0.21085,0.77613,LN229
"LN229_Normoksja_19_48h_większa_konfluencja_po_obrobieniu,jpg",3412,137.06565,225.74905,0.84133,1.08927,0.91805,0.9339,LN229
"LN229_Normoksja_19_48h_większa_konfluencja_po_obrobieniu,jpg",1093,133.51876,132.56641,0.78156,1.34863,0.74149,0.89848,LN229
"LN229_Normoksja_19_48h_większa_konfluencja_po_obrobieniu,jpg",2524,127.24683,236.3453,0.56781,1.98513,0.50375,0.85487,LN229
"LN229_Normoksja_19_48h_większa_konfluencja_po_obrobieniu,jpg",1265,127.67668,153.81016,0.67194,2.07282,0.48243,0.90036,LN229
"LN229_Normoksja_19_48h_większa_konfluencja_po_obrobieniu,jpg",2616,123.16055,347.7102,0.2719,2.33833,0.42766,0.51294,LN229
"LN229_Normoksja_19_48h_większa_konfluencja_po_obrobieniu,jpg",1965,126.66158,180.95757,0.75408,1.126,0.8881,0.89829,LN229
"LN229_Normoksja_19_48h_większa_konfluencja_po_obrobieniu,jpg",1495,124.43278,159.0412,0.74273,1.57636,0.63437,0.90442,LN229
"LN229_Normoksja_19_48h_większa_konfluencja_po_obrobieniu,jpg",4935,120.05228,299.89284,0.68955,1.56985,0.637,0.90409,LN229
"LN229_Normoksja_19_48h_większa_konfluencja_po_obrobieniu,jpg",2378,123.48907,327.8612,0.278,6.65985,0.15015,0.73214,LN229
"LN229_Normoksja_19_48h_większa_konfluencja_po_obrobieniu,jpg",3765,123.12191,263.04459,0.68378,1.77196,0.56435,0.92597,LN229
"LN229_Normoksja_19_48h_większa_konfluencja_po_obrobieniu,jpg",2664,131.10661,218.08082,0.7039,1.82287,0.54859,0.93196,LN229
"LN229_Normoksja_19_48h_większa_konfluencja_po_obrobieniu,jpg",3406,126.58133,286.13081,0.52279,3.20056,0.31245,0.88238,LN229
"LN229_Normoksja_19_48h_większa_konfluencja_po_obrobieniu,jpg",4051,132.37793,285.65838,0.62385,1.87756,0.5326,0.8875,LN229
"LN229_Normoksja_19_48h_większa_konfluencja_po_obrobieniu,jpg",1698,130.08657,228.62203,0.40824,1.45319,0.68814,0.65257,LN229
"LN229_Normoksja_19_48h_większa_konfluencja_po_obrobieniu,jpg",1069,133.66511,161.22846,0.51678,1.90043,0.5262,0.84107,LN229
"LN229_Normoksja_19_48h_większa_konfluencja_po_obrobieniu,jpg",1368,127.53655,238.74625,0.30159,4.33444,0.23071,0.6779,LN229
"LN229_Normoksja_19_48h_większa_konfluencja_po_obrobieniu,jpg",1801,131.5658,218.32517,0.47481,2.63535,0.37946,0.82463,LN229
"LN229_Normoksja_19_48h_większa_konfluencja_po_obrobieniu,jpg",2061,133.05095,198.35245,0.65828,1.25206,0.79868,0.86126,LN229
"LN229_Normoksja_19_48h_większa_konfluencja_po_obrobieniu,jpg",2709,131.22148,226.02981,0.66633,1.51782,0.65884,0.85122,LN229
"LN229_Normoksja_19_48h_większa_konfluencja_po_obrobieniu,jpg",1476,129.53388,201.60196,0.45636,1.77499,0.56338,0.74696,LN229
"LN229_Normoksja_19_48h_większa_konfluencja_po_obrobieniu,jpg",2913,135.276,216.6501,0.77989,1.2022,0.83181,0.9341,LN229
"LN229_Normoksja_19_48h_większa_konfluencja_po_obrobieniu,jpg",2493,121.36783,250.7925,0.49808,2.03575,0.49122,0.79294,LN229
"LN229_Normoksja_19_48h_większa_konfluencja_po_obrobieniu,jpg",2243,130.91395,187.24035,0.80397,1.07829,0.92739,0.91851,LN229
"LN229_Normoksja_19_48h_większa_konfluencja_po_obrobieniu,jpg",2028,127.76134,222.80462,0.51337,1.81596,0.55067,0.79764,LN229
"LN229_Normoksja_19_48h_większa_konfluencja_po_obrobieniu,jpg",1485,126.05993,150.05537,0.82877,1.26757,0.78891,0.92726,LN229
"LN229_Normoksja_19_48h_większa_konfluencja_po_obrobieniu,jpg",1155,128.25541,159.25534,0.57227,1.44037,0.69427,0.84245,LN229
"LN229_Normoksja_19_48h_większa_konfluencja_po_obrobieniu,jpg",2782,129.72646,205.22298,0.83007,1.11415,0.89754,0.93591,LN229
"LN229_Normoksja_19_48h_większa_konfluencja_po_obrobieniu,jpg",2819,125.58496,222.98666,0.71244,1.61347,0.61978,0.90862,LN229
"LN229_Normoksja_19_48h_większa_konfluencja_po_obrobieniu,jpg",4486,126.97659,294.98389,0.64785,1.73929,0.57495,0.82206,LN229
"LN229_Normoksja_19_48h_większa_konfluencja_po_obrobieniu,jpg",2280,124.55439,186.45703,0.82411,1.19751,0.83507,0.93596,LN229
"LN229_Normoksja_19_48h_większa_konfluencja_po_obrobieniu,jpg",1672,121.89833,221.35639,0.42881,2.36828,0.42225,0.78998,LN229
"LN229_Normoksja_19_48h_większa_konfluencja_po_obrobieniu,jpg",3008,126.02194,214.17414,0.82405,1.09876,0.91012,0.94236,LN229
"LN229_Normoksja_19_48h_większa_konfluencja_po_obrobieniu,jpg",2946,124.44365,244.79405,0.61779,2.02565,0.49367,0.88508,LN229
"LN229_Normoksja_19_48h_większa_konfluencja_po_obrobieniu,jpg",3072,134.64844,217.94799,0.81269,1.2445,0.80354,0.93161,LN229
"LN229_Normoksja_19_48h_większa_konfluencja_po_obrobieniu,jpg",1392,127.50287,192.8748,0.47022,1.91614,0.52188,0.74658,LN229
"LN229_Normoksja_19_48h_większa_konfluencja_po_obrobieniu,jpg",3059,132.18568,213.46245,0.84362,1.10969,0.90115,0.94486,LN229
"LN229_Normoksja_19_48h_większa_konfluencja_po_obrobieniu,jpg",2127,125.33474,221.92486,0.54271,2.62837,0.38046,0.85766,LN229
"LN229_Normoksja_19_48h_większa_konfluencja_po_obrobieniu,jpg",2691,124.64177,246.67134,0.55576,1.36522,0.73248,0.80593,LN229
"LN229_Normoksja_19_48h_większa_konfluencja_po_obrobieniu,jpg",1965,124.96336,209.10268,0.56475,1.6094,0.62135,0.79894,LN229
"LN229_Normoksja_19_48h_większa_konfluencja_po_obrobieniu,jpg",1836,124.44662,198.57171,0.58512,1.86907,0.53503,0.85177,LN229
"LN229_Normoksja_19_48h_większa_konfluencja_po_obrobieniu,jpg",1798,123.39266,167.36608,0.80661,1.43723,0.69578,0.93427,LN229
"LN229_Normoksja_19_48h_większa_konfluencja_po_obrobieniu,jpg",1338,121.10314,201.61971,0.41362,3.09748,0.32284,0.73175,LN229
"PAN_02_5_normoksja_zdjecie_obrobione,tif",752,138.91356,125.14367,0.60341,2.84441,0.35157,0.85309,PANC-2
"PAN_02_5_normoksja_zdjecie_obrobione,tif",968,149.66322,203.38862,0.29406,3.8553,0.25938,0.68799,PANC-2
"PAN_02_5_normoksja_zdjecie_obrobione,tif",1109,147.45627,217.12524,0.29561,2.18502,0.45766,0.52188,PANC-2
"PAN_02_5_normoksja_zdjecie_obrobione,tif",611,148.56465,134.97643,0.42144,2.61555,0.38233,0.69079,PANC-2
"PAN_02_5_normoksja_zdjecie_obrobione,tif",1292,139.77012,193.2477,0.43475,4.49577,0.22243,0.84224,PANC-2
"PAN_02_5_normoksja_zdjecie_obrobione,tif",1596,143.82895,178.92006,0.62651,1.63351,0.61218,0.862,PANC-2
"PAN_02_5_normoksja_zdjecie_obrobione,tif",1552,146.93814,251.79453,0.30762,3.00361,0.33293,0.758,PANC-2
"PAN_02_5_normoksja_zdjecie_obrobione,tif",1321,149.18774,254.90275,0.25548,1.81731,0.55026,0.51024,PANC-2
"PAN_02_5_normoksja_zdjecie_obrobione,tif",1126,145.49201,238.98429,0.24775,7.61235,0.13137,0.70134,PANC-2
"PAN_02_5_normoksja_zdjecie_obrobione,tif",1078,147.04545,256.34479,0.20615,3.13626,0.31885,0.44833,PANC-2
"PAN_02_5_normoksja_zdjecie_obrobione,tif",1022,146.54599,211.0159,0.28842,2.90486,0.34425,0.53215,PANC-2
"PAN_02_5_normoksja_zdjecie_obrobione,tif",1156,147.29758,161.47374,0.55714,2.09128,0.47818,0.80389,PANC-2
"PAN_02_5_normoksja_zdjecie_obrobione,tif",1188,146.00168,168.44942,0.52612,1.1777,0.84911,0.72263,PANC-2
"PAN_02_5_normoksja_zdjecie_obrobione,tif",1177,150.54885,237.9155,0.2613,4.24886,0.23536,0.64831,PANC-2
"PAN_02_5_normoksja_zdjecie_obrobione,tif",1142,150.58581,190.90089,0.39379,3.7746,0.26493,0.79443,PANC-2
"PAN_02_5_normoksja_zdjecie_obrobione,tif",1031,148.12415,195.54808,0.33881,2.62013,0.38166,0.71797,PANC-2
"PAN_02_5_normoksja_zdjecie_obrobione,tif",840,154.47143,174.67322,0.34597,2.52438,0.39614,0.72696,PANC-2
"PAN_02_5_normoksja_zdjecie_obrobione,tif",1206,149.78607,185.75979,0.43919,1.83158,0.54598,0.71871,PANC-2
"PAN_02_5_normoksja_zdjecie_obrobione,tif",1360,150.37794,246.05625,0.28228,2.47332,0.40432,0.61762,PANC-2
"PAN_02_5_normoksja_zdjecie_obrobione,tif",1192,147.6552,243.78763,0.25204,5.57216,0.17946,0.66039,PANC-2
"PAN_02_5_normoksja_zdjecie_obrobione,tif",1013,146.05133,165.25163,0.46615,3.20659,0.31186,0.75316,PANC-2
"PAN_02_5_normoksja_zdjecie_obrobione,tif",968,158.99483,220.20019,0.25087,2.26069,0.44234,0.52925,PANC-2
"PAN_02_5_normoksja_zdjecie_obrobione,tif",899,140.48053,194.1016,0.29986,4.20178,0.23799,0.75419,PANC-2
"PAN_02_5_normoksja_zdjecie_obrobione,tif",825,158.07636,205.16234,0.2463,1.67008,0.59877,0.48501,PANC-2
"PAN_02_5_normoksja_zdjecie_obrobione,tif",1524,146.96785,248.74334,0.30952,2.33276,0.42868,0.64195,PANC-2
"PAN_02_5_normoksja_zdjecie_obrobione,tif",1044,147.16954,205.29476,0.31128,4.4769,0.22337,0.64664,PANC-2
"PAN_02_5_normoksja_zdjecie_obrobione,tif",921,140.53312,232.72964,0.21368,8.38138,0.11931,0.66957,PANC-2
"PAN_02_5_normoksja_zdjecie_obrobione,tif",1070,145.36636,222.72473,0.27105,6.09272,0.16413,0.66439,PANC-2
"PAN_02_7_normoksja_zdjecie_obrobione,tif",1257,149.08433,168.70932,0.55497,2.48259,0.40281,0.86332,PANC-2
"PAN_02_7_normoksja_zdjecie_obrobione,tif",948,149.91772,193.66478,0.31763,2.36095,0.42356,0.58106,PANC-2
"PAN_02_7_normoksja_zdjecie_obrobione,tif",1278,148.79186,242.03641,0.27414,6.29379,0.15889,0.73301,PANC-2
"PAN_02_7_normoksja_zdjecie_obrobione,tif",780,154.29615,209.03982,0.22431,3.8731,0.25819,0.48059,PANC-2
"PAN_02_7_normoksja_zdjecie_obrobione,tif",1234,154.15802,189.2568,0.43293,1.70488,0.58655,0.7427,PANC-2
"PAN_02_7_normoksja_zdjecie_obrobione,tif",855,156.5731,203.62925,0.25912,6.24089,0.16023,0.71339,PANC-2
"PAN_02_7_normoksja_zdjecie_obrobione,tif",1102,151.63975,227.92017,0.26658,2.92994,0.3413,0.53769,PANC-2
"PAN_02_7_normoksja_zdjecie_obrobione,tif",674,151.36202,139.22689,0.43694,2.26947,0.44063,0.69845,PANC-2
"PAN_02_7_normoksja_zdjecie_obrobione,tif",1091,157.93217,276.3568,0.17951,4.68736,0.21334,0.51426,PANC-2
"PAN_02_7_normoksja_zdjecie_obrobione,tif",1642,149.1285,191.13037,0.56484,1.77497,0.56339,0.82265,PANC-2
"PAN_02_7_normoksja_zdjecie_obrobione,tif",1147,152.27637,265.38836,0.20465,5.49371,0.18203,0.54567,PANC-2
"PAN_02_7_normoksja_zdjecie_obrobione,tif",665,150.80902,171.95209,0.28263,5.13935,0.19458,0.69379,PANC-2
"PAN_02_7_normoksja_zdjecie_obrobione,tif",1001,155.26973,162.46899,0.47654,2.23534,0.44736,0.81548,PANC-2
"PAN_02_7_normoksja_zdjecie_obrobione,tif",932,155.93884,181.54796,0.35534,2.00452,0.49887,0.61824,PANC-2
"PAN_02_7_normoksja_zdjecie_obrobione,tif",725,160.69793,206.22462,0.21422,7.11338,0.14058,0.64993,PANC-2
"PAN_02_7_normoksja_zdjecie_obrobione,tif",753,160.5259,201.91756,0.23209,3.88668,0.25729,0.52474,PANC-2
"PAN_02_7_normoksja_zdjecie_obrobione,tif",834,158.66307,200.48241,0.26075,4.32735,0.23109,0.6292,PANC-2
"PAN_02_7_normoksja_zdjecie_obrobione,tif",1222,152.99264,249.28576,0.24711,2.34564,0.42632,0.51616,PANC-2
"PAN_02_7_normoksja_zdjecie_obrobione,tif",1422,150.45007,200.21476,0.44578,1.55873,0.64155,0.69281,PANC-2
"PAN_02_7_normoksja_zdjecie_obrobione,tif",2004,150.63673,183.85204,0.74502,1.29164,0.77421,0.9159,PANC-2
"PAN_02_7_normoksja_zdjecie_obrobione,tif",712,155.80056,261.75975,0.13058,13.50573,0.07404,0.59882,PANC-2
"PAN_02_7_normoksja_zdjecie_obrobione,tif",877,139.91676,179.94178,0.34037,6.87206,0.14552,0.90366,PANC-2
"PAN_02_7_normoksja_zdjecie_obrobione,tif",2095,149.06587,302.77174,0.28719,3.66917,0.27254,0.5535,PANC-2
"PAN_02_7_normoksja_zdjecie_obrobione,tif",564,152.6773,142.63141,0.34838,3.2356,0.30906,0.66004,PANC-2
"PAN_02_7_normoksja_zdjecie_obrobione,tif",794,152.89547,182.87649,0.29834,2.41337,0.41436,0.6191,PANC-2
"PAN_02_7_normoksja_zdjecie_obrobione,tif",1193,150.87678,239.55842,0.26123,2.29888,0.43499,0.47398,PANC-2
"PAN_02_7_normoksja_zdjecie_obrobione,tif",896,142.30692,236.35149,0.20156,8.45822,0.11823,0.67776,PANC-2
"PAN_02_7_normoksja_zdjecie_obrobione,tif",1006,153.35785,177.54259,0.40105,3.55883,0.28099,0.77804,PANC-2
"PAN_02_7_normoksja_zdjecie_obrobione,tif",705,152.67234,140.45968,0.44905,3.6977,0.27044,0.80571,PANC-2
"PAN_02_7_normoksja_zdjecie_obrobione,tif",790,147.47595,234.63,0.18033,8.72647,0.11459,0.61217,PANC-2
"PAN_02_10_normoksja_zdjecie_obrobione,tif",1658,153.80217,372.44304,0.1502,1.42096,0.70375,0.36075,PANC-2
"PAN_02_10_normoksja_zdjecie_obrobione,tif",1444,152.4162,385.49981,0.1221,9.17869,0.10895,0.39022,PANC-2
"PAN_02_10_normoksja_zdjecie_obrobione,tif",1032,155.98837,248.13564,0.21063,2.9131,0.34328,0.43443,PANC-2
"PAN_02_10_normoksja_zdjecie_obrobione,tif",697,150.67145,201.87959,0.21491,6.25722,0.15982,0.70333,PANC-2
"PAN_02_10_normoksja_zdjecie_obrobione,tif",1287,149.39938,177.39513,0.51393,1.7327,0.57714,0.76584,PANC-2
"PAN_02_10_normoksja_zdjecie_obrobione,tif",1101,151.26794,181.35216,0.42068,1.81136,0.55207,0.67796,PANC-2
"PAN_02_10_normoksja_zdjecie_obrobione,tif",468,165.28632,127.33547,0.36271,3.5586,0.28101,0.67338,PANC-2
"PAN_02_10_normoksja_zdjecie_obrobione,tif",581,153.58176,131.60382,0.42155,4.13382,0.24191,0.79808,PANC-2
"PAN_02_10_normoksja_zdjecie_obrobione,tif",1484,152.75674,381.00395,0.12846,6.66455,0.15005,0.35626,PANC-2
"PAN_02_10_normoksja_zdjecie_obrobione,tif",573,155.06283,191.44235,0.19647,2.11464,0.47289,0.46228,PANC-2
"PAN_02_10_normoksja_zdjecie_obrobione,tif",1064,153.35714,207.19246,0.31146,6.05678,0.1651,0.70324,PANC-2
"PAN_02_10_normoksja_zdjecie_obrobione,tif",930,151.32581,147.68108,0.53585,1.26633,0.78968,0.7561,PANC-2
"PAN_02_10_normoksja_zdjecie_obrobione,tif",912,150.16447,194.89523,0.30172,5.82977,0.17153,0.76032,PANC-2
"PAN_02_10_normoksja_zdjecie_obrobione,tif",786,150.16794,199.03151,0.24934,4.04329,0.24732,0.55923,PANC-2
"PAN_02_10_normoksja_zdjecie_obrobione,tif",1057,152.66793,198.4469,0.33728,2.91565,0.34298,0.61759,PANC-2
"PAN_02_10_normoksja_zdjecie_obrobione,tif",914,152.77681,241.94806,0.19621,2.17923,0.45888,0.3766,PANC-2
"PAN_02_10_normoksja_zdjecie_obrobione,tif",862,158.72854,212.59972,0.23966,5.10643,0.19583,0.54695,PANC-2
"PAN_02_10_normoksja_zdjecie_obrobione,tif",1197,149.55472,197.16362,0.38695,3.04103,0.32884,0.77426,PANC-2
"PAN_02_10_normoksja_zdjecie_obrobione,tif",989,146.09909,143.71471,0.60173,2.42052,0.41313,0.85554,PANC-2
"PAN_02_10_normoksja_zdjecie_obrobione,tif",623,160.66453,167.04711,0.28056,4.46067,0.22418,0.62238,PANC-2
"PAN_02_10_normoksja_zdjecie_obrobione,tif",1082,154.22643,227.09467,0.26365,3.96674,0.2521,0.6222,PANC-2
"PAN_02_10_normoksja_zdjecie_obrobione,tif",767,156.70274,136.10149,0.52033,2.91381,0.34319,0.8337,PANC-2
"PAN_02_5_hipoksja_zdjecie_obrobione,jpg",1829,141.27501,233.76758,0.42059,1.02831,0.97247,0.67804,PANC-2
"PAN_02_5_hipoksja_zdjecie_obrobione,jpg",659,148.42337,157.99368,0.33175,5.15021,0.19417,0.74463,PANC-2
"PAN_02_5_hipoksja_zdjecie_obrobione,jpg",1610,140.83416,218.8512,0.42241,2.03446,0.49153,0.6822,PANC-2
"PAN_02_5_hipoksja_zdjecie_obrobione,jpg",2177,141.18236,212.1319,0.60793,1.80474,0.5541,0.83795,PANC-2
"PAN_02_5_hipoksja_zdjecie_obrobione,jpg",1399,140.60043,162.41243,0.66648,1.24558,0.80284,0.84328,PANC-2
"PAN_02_5_hipoksja_zdjecie_obrobione,jpg",790,146.96962,129.51293,0.59185,2.41656,0.41381,0.87535,PANC-2
"PAN_02_5_hipoksja_zdjecie_obrobione,jpg",936,145.87179,180.70842,0.36019,3.65431,0.27365,0.76942,PANC-2
"PAN_02_5_hipoksja_zdjecie_obrobione,jpg",1600,142.77625,185.8169,0.58232,1.14306,0.87485,0.82859,PANC-2
"PAN_02_5_hipoksja_zdjecie_obrobione,jpg",1223,142.43173,194.76957,0.40513,2.3471,0.42606,0.7352,PANC-2
"PAN_02_5_hipoksja_zdjecie_obrobione,jpg",903,154.08749,231.89738,0.21101,4.3534,0.22971,0.54529,PANC-2
"PAN_02_5_hipoksja_zdjecie_obrobione,jpg",1269,140.33885,189.09202,0.44599,2.35214,0.42515,0.77853,PANC-2
"PAN_02_5_hipoksja_zdjecie_obrobione,jpg",1563,142.03775,160.29074,0.76446,1.10159,0.90778,0.90399,PANC-2
"PAN_02_5_hipoksja_zdjecie_obrobione,jpg",1817,142.11282,223.47607,0.4572,3.15696,0.31676,0.79868,PANC-2
"PAN_02_5_hipoksja_zdjecie_obrobione,jpg",762,144.24147,149.91192,0.42608,3.84382,0.26016,0.78194,PANC-2
"PAN_02_5_hipoksja_zdjecie_obrobione,jpg",1457,144.43651,227.66269,0.35325,1.74747,0.57226,0.59119,PANC-2
"PAN_02_5_hipoksja_zdjecie_obrobione,jpg",2510,140.82151,211.32833,0.70627,1.48965,0.6713,0.90353,PANC-2
"PAN_02_5_hipoksja_zdjecie_obrobione,jpg",2019,137.85191,201.91301,0.62233,1.31497,0.76047,0.83933,PANC-2
"PAN_02_5_hipoksja_zdjecie_obrobione,jpg",1620,143.40185,325.11559,0.1926,2.24421,0.44559,0.39154,PANC-2
"PAN_02_5_hipoksja_zdjecie_obrobione,jpg",2698,140.91105,206.49007,0.79516,1.34323,0.74447,0.92556,PANC-2
"PAN_02_5_hipoksja_zdjecie_obrobione,jpg",2093,140.96512,199.5424,0.66055,2.07427,0.4821,0.9006,PANC-2
"PAN_02_5_hipoksja_zdjecie_obrobione,jpg",1881,141.31419,177.5468,0.74985,1.9104,0.52345,0.92797,PANC-2
"PAN_02_5_hipoksja_zdjecie_obrobione,jpg",1916,141.33925,265.49138,0.34159,2.54244,0.39332,0.62758,PANC-2
"PAN_02_5_hipoksja_zdjecie_obrobione,jpg",1599,145.47342,254.80338,0.30949,3.10183,0.32239,0.66556,PANC-2
"PAN_02_5_hipoksja_zdjecie_obrobione,jpg",913,142.08872,147.26351,0.52904,2.19094,0.45643,0.79357,PANC-2
"PAN_02_5_hipoksja_zdjecie_obrobione,jpg",1595,148.46708,259.05092,0.29868,2.69886,0.37053,0.5314,PANC-2
"PAN_02_5_hipoksja_zdjecie_obrobione,jpg",1546,143.75614,251.85431,0.30628,1.62624,0.61492,0.59611,PANC-2
"PAN_02_5_hipoksja_zdjecie_obrobione,jpg",1567,145.13657,179.82993,0.60891,1.72149,0.58089,0.83999,PANC-2
"PAN_02_5_hipoksja_zdjecie_obrobione,jpg",1187,148.75316,201.66893,0.36676,1.8831,0.53104,0.61823,PANC-2
"PAN_02_5_hipoksja_zdjecie_obrobione,jpg",1988,142.20423,203.65701,0.60232,1.67136,0.59831,0.82251,PANC-2
"PAN_02_5_hipoksja_zdjecie_obrobione,jpg",1802,142.96615,183.35751,0.67355,1.57908,0.63328,0.89363,PANC-2
"PAN_02_5_hipoksja_zdjecie_obrobione,jpg",1273,142.66929,168.80209,0.56141,1.54553,0.64703,0.76664,PANC-2
"PAN_02_5_hipoksja_zdjecie_obrobione,jpg",1572,133.98919,208.9904,0.45228,2.66838,0.37476,0.80204,PANC-2
"PAN_02_5_hipoksja_zdjecie_obrobione,jpg",1615,140.57028,185.38904,0.59049,1.62926,0.61378,0.82588,PANC-2
"PAN_02_5_hipoksja_zdjecie_obrobione,jpg",1043,143.65388,199.63664,0.32886,3.68839,0.27112,0.6753,PANC-2
"PAN_02_5_hipoksja_zdjecie_obrobione,jpg",1487,140.4425,207.78748,0.43279,1.86186,0.5371,0.79689,PANC-2
"PAN_02_5_hipoksja_zdjecie_obrobione,jpg",2665,138.09906,221.16533,0.68466,1.65149,0.60551,0.8654,PANC-2
"PAN_02_5_hipoksja_zdjecie_obrobione,jpg",1487,139.41224,167.27322,0.66783,1.87036,0.53466,0.89605,PANC-2
"PAN_02_5_hipoksja_zdjecie_obrobione,jpg",1252,145.76358,288.56923,0.18894,1.74506,0.57305,0.40141,PANC-2
"PAN_02_5_hipoksja_zdjecie_obrobione,jpg",1359,139.57984,150.79861,0.75099,1.18869,0.84126,0.88998,PANC-2
"PAN_02_5_hipoksja_zdjecie_obrobione,jpg",1517,140.89914,163.41974,0.71382,1.17438,0.85151,0.86169,PANC-2
"PAN_02_5_hipoksja_zdjecie_obrobione,jpg",2184,140.45238,200.03052,0.68591,1.54925,0.64547,0.87273,PANC-2
"PAN_02_7_hipoksja_zdjecie_obrobione,jpg",1545,142.80712,248.40371,0.31465,6.96737,0.14353,0.83065,PANC-2
"PAN_02_7_hipoksja_zdjecie_obrobione,jpg",8920,138.96592,389.18976,0.74003,1.28703,0.77698,0.92994,PANC-2
"PAN_02_7_hipoksja_zdjecie_obrobione,jpg",2970,138.06498,213.62231,0.81785,1.44419,0.69243,0.95452,PANC-2
"PAN_02_7_hipoksja_zdjecie_obrobione,jpg",1288,143.00155,356.43999,0.1274,6.25856,0.15978,0.42375,PANC-2
"PAN_02_7_hipoksja_zdjecie_obrobione,jpg",2445,146.18896,358.93136,0.23849,5.65567,0.17681,0.59337,PANC-2
"PAN_02_7_hipoksja_zdjecie_obrobione,jpg",1248,138.73718,185.78329,0.45437,2.85251,0.35057,0.78788,PANC-2
"PAN_02_7_hipoksja_zdjecie_obrobione,jpg",1446,139.00138,206.80736,0.42486,1.58914,0.62927,0.73607,PANC-2
"PAN_02_7_hipoksja_zdjecie_obrobione,jpg",1534,140.83116,151.82811,0.83624,1.38916,0.71986,0.93565,PANC-2
"PAN_02_7_hipoksja_zdjecie_obrobione,jpg",2543,138.37829,196.8988,0.82427,1.228,0.81433,0.92221,PANC-2
"PAN_02_7_hipoksja_zdjecie_obrobione,jpg",1487,139.72024,165.36538,0.68333,1.71008,0.58477,0.88565,PANC-2
"PAN_02_7_hipoksja_zdjecie_obrobione,jpg",2205,139.01859,218.3723,0.58106,1.55658,0.64244,0.78275,PANC-2
"PAN_02_7_hipoksja_zdjecie_obrobione,jpg",2330,136.17253,193.55791,0.78153,1.29877,0.76996,0.91355,PANC-2
"PAN_02_7_hipoksja_zdjecie_obrobione,jpg",1209,141.44003,158.75452,0.60281,1.82877,0.54681,0.88377,PANC-2
"PAN_02_7_hipoksja_zdjecie_obrobione,jpg",1849,142.01622,298.976,0.25994,2.39101,0.41823,0.53493,PANC-2
"PAN_02_7_hipoksja_zdjecie_obrobione,jpg",1169,145.66296,244.08357,0.24657,6.70936,0.14905,0.71983,PANC-2
"PAN_02_7_hipoksja_zdjecie_obrobione,jpg",1192,141.34564,144.86796,0.71374,1.83706,0.54435,0.88264,PANC-2
"PAN_02_7_hipoksja_zdjecie_obrobione,jpg",1368,139.81798,162.58583,0.65033,1.78266,0.56096,0.87833,PANC-2
"PAN_02_7_hipoksja_zdjecie_obrobione,jpg",1469,140.79986,171.82675,0.62524,2.08382,0.47989,0.91356,PANC-2
"PAN_02_7_hipoksja_zdjecie_obrobione,jpg",1245,147.0008,187.13203,0.44677,1.98811,0.50299,0.72722,PANC-2
"PAN_02_7_hipoksja_zdjecie_obrobione,jpg",1560,137.19231,160.78736,0.75828,1.20654,0.82881,0.91255,PANC-2
"PAN_02_7_hipoksja_zdjecie_obrobione,jpg",3527,137.093,233.27952,0.81445,1.22188,0.81841,0.92852,PANC-2
"PAN_02_7_hipoksja_zdjecie_obrobione,jpg",784,146.18112,195.13925,0.25872,1.79661,0.5566,0.4498,PANC-2
"PAN_02_7_hipoksja_zdjecie_obrobione,jpg",1767,140.10413,162.26173,0.84336,1.37892,0.7252,0.9523,PANC-2
"PAN_02_7_hipoksja_zdjecie_obrobione,jpg",2332,141.17324,207.13411,0.68302,1.21035,0.8262,0.85016,PANC-2
"PAN_02_7_hipoksja_zdjecie_obrobione,jpg",2039,139.73075,202.52975,0.62467,1.84686,0.54146,0.83429,PANC-2
"PAN_02_7_hipoksja_zdjecie_obrobione,jpg",1174,139.35775,152.40291,0.63517,2.32943,0.42929,0.90412,PANC-2
"PAN_02_7_hipoksja_zdjecie_obrobione,jpg",1078,138.09647,126.04806,0.85262,1.34838,0.74163,0.94811,PANC-2
"PAN_02_10_hipoksja_zdjecie_obrobione,jpg",1397,136.91052,210.66817,0.39556,2.16595,0.46169,0.65865,PANC-2
"PAN_02_10_hipoksja_zdjecie_obrobione,jpg",2403,136.47982,201.69184,0.74231,1.36065,0.73494,0.89849,PANC-2
"PAN_02_10_hipoksja_zdjecie_obrobione,jpg",1013,140.36328,162.01869,0.48494,1.21384,0.82383,0.72074,PANC-2
"PAN_02_10_hipoksja_zdjecie_obrobione,jpg",1412,139.98088,218.53287,0.37154,2.94077,0.34005,0.70127,PANC-2
"PAN_02_10_hipoksja_zdjecie_obrobione,jpg",1618,139.00247,181.80575,0.61514,1.59931,0.62527,0.8527,PANC-2
"PAN_02_10_hipoksja_zdjecie_obrobione,jpg",1060,139.05283,170.25527,0.45953,2.00626,0.49844,0.73688,PANC-2
"PAN_02_10_hipoksja_zdjecie_obrobione,jpg",1222,140.27332,297.89525,0.17304,3.04329,0.32859,0.42335,PANC-2
"PAN_02_10_hipoksja_zdjecie_obrobione,jpg",1484,135.90836,207.13489,0.43465,2.19037,0.45654,0.77982,PANC-2
"PAN_02_10_hipoksja_zdjecie_obrobione,jpg",1225,138.99429,145.21411,0.73001,1.38312,0.723,0.91967,PANC-2
"PAN_02_10_hipoksja_zdjecie_obrobione,jpg",910,138.87253,126.54908,0.71406,1.84666,0.54152,0.87711,PANC-2
"PAN_02_10_hipoksja_zdjecie_obrobione,jpg",1106,142.7396,209.27361,0.31735,4.94772,0.20211,0.69625,PANC-2
"PAN_02_10_hipoksja_zdjecie_obrobione,jpg",1934,138.39038,211.37708,0.54394,1.79645,0.55665,0.79621,PANC-2
"PANC-1_Normoksja_19_48h_większa_konfluencja_po_obrobieniu,jpg",945,131.70159,141.98633,0.58905,1.14628,0.87239,0.76518,PANC-1
"PANC-1_Normoksja_19_48h_większa_konfluencja_po_obrobieniu,jpg",621,133.3285,98.86254,0.79843,1.26156,0.79267,0.90459,PANC-1
"PANC-1_Normoksja_19_48h_większa_konfluencja_po_obrobieniu,jpg",401,106.07481,75.10186,0.89341,1.43684,0.69597,0.94464,PANC-1
"PANC-1_Normoksja_19_48h_większa_konfluencja_po_obrobieniu,jpg",1483,129.8058,186.61611,0.53512,1.88175,0.53142,0.83268,PANC-1
"PANC-1_Normoksja_19_48h_większa_konfluencja_po_obrobieniu,jpg",461,128.24078,87.4498,0.75752,1.53274,0.65243,0.91017,PANC-1
"PANC-1_Normoksja_19_48h_większa_konfluencja_po_obrobieniu,jpg",783,138.894,122.23496,0.65854,1.18614,0.84307,0.86139,PANC-1
"PANC-1_Normoksja_19_48h_większa_konfluencja_po_obrobieniu,jpg",711,121.96906,100.73072,0.88055,1.23826,0.80758,0.9411,PANC-1
"PANC-1_Normoksja_19_48h_większa_konfluencja_po_obrobieniu,jpg",761,132.96583,127.38485,0.58933,1.77258,0.56415,0.87875,PANC-1
"PANC-1_Normoksja_19_48h_większa_konfluencja_po_obrobieniu,jpg",524,133.58969,91.34289,0.78921,1.24201,0.80514,0.92011,PANC-1
"PANC-1_Normoksja_19_48h_większa_konfluencja_po_obrobieniu,jpg",803,131.31009,112.14519,0.80235,1.34853,0.74155,0.91043,PANC-1
"PANC-1_Normoksja_19_48h_większa_konfluencja_po_obrobieniu,jpg",1104,123.46014,142.61755,0.68208,1.79722,0.55641,0.91618,PANC-1
"PANC-1_Normoksja_19_48h_większa_konfluencja_po_obrobieniu,jpg",1021,125.47796,129.36808,0.76662,1.41772,0.70536,0.95021,PANC-1
"PANC-1_Normoksja_19_48h_większa_konfluencja_po_obrobieniu,jpg",788,115.91371,120.95169,0.67688,1.94213,0.5149,0.92056,PANC-1
"PANC-1_Normoksja_19_48h_większa_konfluencja_po_obrobieniu,jpg",1804,141.37639,167.0189,0.81267,1.35351,0.73882,0.94302,PANC-1
"PANC-1_Normoksja_19_48h_większa_konfluencja_po_obrobieniu,jpg",1153,135.52819,154.21618,0.60923,1.36245,0.73397,0.85757,PANC-1
"PANC-1_Normoksja_19_48h_większa_konfluencja_po_obrobieniu,jpg",1099,132.83348,139.86158,0.70601,1.3622,0.73411,0.92005,PANC-1
"PANC-1_Normoksja_19_48h_większa_konfluencja_po_obrobieniu,jpg",889,136.36333,130.20159,0.65899,1.67696,0.59632,0.85977,PANC-1
"PANC-1_Normoksja_19_48h_większa_konfluencja_po_obrobieniu,jpg",726,120.03444,111.19857,0.73782,1.38708,0.72094,0.90693,PANC-1
"PANC-1_Normoksja_19_48h_większa_konfluencja_po_obrobieniu,jpg",678,121.77729,129.74617,0.50612,1.2619,0.79246,0.71708,PANC-1
"PANC-1_Normoksja_19_48h_większa_konfluencja_po_obrobieniu,jpg",981,142.82161,143.57905,0.59799,1.40768,0.71039,0.8296,PANC-1
"PANC-1_Normoksja_19_48h_większa_konfluencja_po_obrobieniu,jpg",645,117.23256,99.94733,0.81139,1.35925,0.7357,0.9059,PANC-1
"PANC-1_Normoksja_19_48h_większa_konfluencja_po_obrobieniu,jpg",608,127.45066,123.07866,0.50437,2.21945,0.45056,0.70862,PANC-1
"PANC-1_Normoksja_19_48h_większa_konfluencja_po_obrobieniu,jpg",1142,126.31436,133.87825,0.80067,1.30813,0.76445,0.94108,PANC-1
"PANC-1_Normoksja_19_48h_większa_konfluencja_po_obrobieniu,jpg",2051,140.07314,189.51139,0.71764,1.23562,0.80931,0.8972,PANC-1
"PANC-1_Normoksja_19_48h_większa_konfluencja_po_obrobieniu,jpg",779,133.78306,113.26098,0.76311,1.22043,0.81938,0.90267,PANC-1
"PANC-1_Normoksja_19_48h_większa_konfluencja_po_obrobieniu,jpg",637,140.10675,110.53112,0.65521,1.42374,0.70237,0.82035,PANC-1
"PANC-1_Normoksja_19_48h_większa_konfluencja_po_obrobieniu,jpg",508,128.68504,93.11388,0.73628,1.07245,0.93244,0.87511,PANC-1
"PANC-1_Normoksja_19_48h_większa_konfluencja_po_obrobieniu,jpg",859,138.35506,146.30947,0.50426,1.03057,0.97034,0.78055,PANC-1
"PANC-1_Normoksja_19_48h_większa_konfluencja_po_obrobieniu,jpg",610,102.33607,93.38651,0.87896,1.16649,0.85728,0.93702,PANC-1
"PANC-1_Normoksja_19_48h_większa_konfluencja_po_obrobieniu,jpg",448,113.1875,111.96233,0.4491,2.64188,0.37852,0.84768,PANC-1
"PANC-1_Normoksja_19_48h_większa_konfluencja_po_obrobieniu,jpg",443,132.35214,81.11848,0.84601,1.07479,0.93042,0.92484,PANC-1
"PANC-1_Normoksja_19_48h_większa_konfluencja_po_obrobieniu,jpg",581,141.99139,96.51128,0.78384,1.32356,0.75554,0.91568,PANC-1
"PANC-1_Normoksja_19_48h_większa_konfluencja_po_obrobieniu,jpg",538,123.51301,95.78157,0.73693,1.15598,0.86507,0.89816,PANC-1
"PANC-1_Normoksja_19_48h_większa_konfluencja_po_obrobieniu,jpg",715,136.95385,117.10442,0.65519,1.35772,0.73653,0.79844,PANC-1
"PANC-1_Normoksja_19_48h_większa_konfluencja_po_obrobieniu,jpg",858,139.50233,121.16274,0.73444,1.38503,0.72201,0.87195,PANC-1
"PANC-1_Normoksja_19_48h_większa_konfluencja_po_obrobieniu,jpg",896,149.01897,133.71878,0.6297,1.25181,0.79884,0.84449,PANC-1
"PANC-1_Normoksja_19_48h_większa_konfluencja_po_obrobieniu,jpg",603,140.52073,118.01493,0.54407,1.77632,0.56296,0.85836,PANC-1
"PANC-1_Normoksja_19_48h_większa_konfluencja_po_obrobieniu,jpg",308,129.52597,81.36953,0.58457,1.08043,0.92556,0.81915,PANC-1
"PANC-1_Normoksja_19_48h_większa_konfluencja_po_obrobieniu,jpg",536,129.1194,94.40672,0.75573,1.23463,0.80996,0.92175,PANC-1
"PANC-1_Normoksja_19_48h_większa_konfluencja_po_obrobieniu,jpg",548,142.92153,115.97619,0.51198,1.39708,0.71578,0.74761,PANC-1
"PANC-1_Normoksja_19_48h_większa_konfluencja_po_obrobieniu,jpg",1253,151.6664,140.85028,0.79368,1.17413,0.85169,0.9146,PANC-1
"PANC-1_Normoksja_19_48h_większa_konfluencja_po_obrobieniu,jpg",635,131.39685,108.55737,0.67712,1.27946,0.78158,0.85178,PANC-1
"PANC-1_Normoksja_19_48h_większa_konfluencja_po_obrobieniu,jpg",552,124.92754,97.6443,0.72754,1.33194,0.75078,0.87135,PANC-1
"PANC-1_Normoksja_19_48h_większa_konfluencja_po_obrobieniu,jpg",496,127.37702,89.09904,0.78514,1.3669,0.73158,0.89369,PANC-1
"PANC-1_Normoksja_19_48h_większa_konfluencja_po_obrobieniu,jpg",558,136.58423,89.75078,0.8705,1.04787,0.95432,0.91701,PANC-1
"PANC-1_Normoksja_19_48h_większa_konfluencja_po_obrobieniu,jpg",432,132.87963,86.63204,0.72333,1.35272,0.73925,0.90947,PANC-1
"PANC-1_Normoksja_19_48h_większa_konfluencja_po_obrobieniu,jpg",812,133.19828,112.81155,0.80179,1.07878,0.92698,0.93819,PANC-1
"PANC-1_Normoksja_19_48h_większa_konfluencja_po_obrobieniu,jpg",998,141.08216,155.82121,0.51652,2.20795,0.45291,0.79144,PANC-1
"PANC-1_Normoksja_19_48h_większa_konfluencja_po_obrobieniu,jpg",3287,151.07697,259.12444,0.61517,1.25869,0.79448,0.86228,PANC-1
"PANC-1_Normoksja_19_48h_większa_konfluencja_po_obrobieniu,jpg",1449,143.71222,147.74394,0.83418,1.37049,0.72967,0.93695,PANC-1
"PANC-1_Normoksja_19_48h_większa_konfluencja_po_obrobieniu,jpg",474,128.69409,96.03249,0.64588,1.37824,0.72556,0.81095,PANC-1
"PANC-1_Hipoksja_6_48h_większa_konfluencja,jpg",1060,145.85755,133.52396,0.74713,1.12027,0.89264,0.92576,PANC-1
"PANC-1_Hipoksja_6_48h_większa_konfluencja,jpg",1175,144.49532,139.74029,0.75614,1.42628,0.70113,0.94,PANC-1
"PANC-1_Hipoksja_6_48h_większa_konfluencja,jpg",3196,150.7816,228.09574,0.77194,1.48079,0.67531,0.92745,PANC-1
"PANC-1_Hipoksja_6_48h_większa_konfluencja,jpg",1179,146.09669,148.20401,0.67453,1.38435,0.72236,0.87366,PANC-1
"PANC-1_Hipoksja_6_48h_większa_konfluencja,jpg",2398,154.16555,200.06545,0.75286,1.46481,0.68268,0.91772,PANC-1
"PANC-1_Hipoksja_6_48h_większa_konfluencja,jpg",401,132.33167,77.33538,0.84255,1.14415,0.87401,0.93582,PANC-1
"PANC-1_Hipoksja_6_48h_większa_konfluencja,jpg",1683,143.7344,161.46853,0.81118,1.27116,0.78668,0.9283,PANC-1
"PANC-1_Hipoksja_6_48h_większa_konfluencja,jpg",911,146.46323,114.03593,0.88033,1.368,0.73099,0.94896,PANC-1
"PANC-1_Hipoksja_6_48h_większa_konfluencja,jpg",3484,146.45235,295.75344,0.50053,1.12902,0.88572,0.77517,PANC-1
"PANC-1_Hipoksja_6_48h_większa_konfluencja,jpg",1012,143.2668,127.82406,0.77833,1.40625,0.71111,0.92252,PANC-1
"PANC-1_Hipoksja_6_48h_większa_konfluencja,jpg",2183,151.31654,186.85948,0.78566,1.76272,0.5673,0.9345,PANC-1
"PANC-1_Hipoksja_6_48h_większa_konfluencja,jpg",1030,137.66117,148.32004,0.58837,2.56677,0.38959,0.88946,PANC-1
"PANC-1_Hipoksja_6_48h_większa_konfluencja,jpg",1490,151.99866,160.36195,0.7281,1.13662,0.8798,0.88035,PANC-1
"PANC-1_Hipoksja_6_48h_większa_konfluencja,jpg",1575,147.27048,170.92887,0.67742,1.48655,0.6727,0.8351,PANC-1
"PANC-1_Hipoksja_6_48h_większa_konfluencja,jpg",1061,150.03299,127.37317,0.82181,1.15239,0.86776,0.93604,PANC-1
"PANC-1_Hipoksja_6_48h_większa_konfluencja,jpg",4209,150.96199,254.73938,0.81507,1.20145,0.83233,0.94098,PANC-1
"PANC-1_Hipoksja_6_48h_większa_konfluencja,jpg",1983,150.99143,166.41666,0.89979,1.19762,0.83499,0.9589,PANC-1
"PANC-1_Hipoksja_6_48h_większa_konfluencja,jpg",1066,140.48405,139.52913,0.68808,1.24915,0.80054,0.86772,PANC-1
"PANC-1_Hipoksja_6_48h_większa_konfluencja,jpg",1165,158.54077,132.45659,0.83443,1.08804,0.91909,0.92571,PANC-1
"PANC-1_Hipoksja_6_48h_większa_konfluencja,jpg",617,125.52998,106.96315,0.67768,2.04459,0.4891,0.89811,PANC-1
"PANC-1_Hipoksja_6_48h_większa_konfluencja,jpg",1627,156.28765,161.49056,0.78398,1.22332,0.81744,0.91123,PANC-1
"PANC-1_Hipoksja_6_48h_większa_konfluencja,jpg",960,154.59896,124.84557,0.77399,1.32243,0.75618,0.89427,PANC-1
"PANC-1_Hipoksja_6_48h_większa_konfluencja,jpg",983,160.23194,129.49793,0.73661,1.2988,0.76994,0.90142,PANC-1
"PANC-1_Hipoksja_6_48h_większa_konfluencja,jpg",1007,158.05462,126.14542,0.79524,1.68406,0.5938,0.93937,PANC-1
"PANC-1_Hipoksja_6_48h_większa_konfluencja,jpg",1059,158.79698,141.48089,0.66483,1.65146,0.60552,0.87089,PANC-1
"PANC-1_Hipoksja_6_48h_większa_konfluencja,jpg",1296,153.43056,136.4188,0.87512,1.30352,0.76716,0.94633,PANC-1
"PANC-1_Hipoksja_6_48h_większa_konfluencja,jpg",3474,159.42717,219.05565,0.90977,1.16153,0.86093,0.96769,PANC-1
"PANC-1_Hipoksja_6_48h_większa_konfluencja,jpg",2119,152.74847,222.60671,0.53736,2.0067,0.49833,0.81862,PANC-1
"PANC-1_Hipoksja_6_48h_większa_konfluencja,jpg",951,141.74343,140.68591,0.60379,1.20043,0.83303,0.81771,PANC-1
"PANC-1_Hipoksja_6_48h_większa_konfluencja,jpg",1848,151.83983,195.96075,0.60475,1.58631,0.6304,0.85063,PANC-1
"PANC-1_Hipoksja_6_48h_większa_konfluencja,jpg",516,137.47287,95.6378,0.70893,1.8105,0.55233,0.8798,PANC-1
"PANC-1_Hipoksja_6_48h_większa_konfluencja,jpg",2570,159.66926,209.92152,0.73287,1.27177,0.7863,0.88575,PANC-1
"PANC-1_Hipoksja_6_48h_większa_konfluencja,jpg",674,145.5549,103.84438,0.78542,1.17602,0.85032,0.93807,PANC-1
"PANC-1_Hipoksja_6_48h_większa_konfluencja,jpg",1548,153.84173,192.80194,0.52331,2.08268,0.48015,0.78103,PANC-1
"PANC-1_Hipoksja_6_48h_większa_konfluencja,jpg",3202,158.45222,255.44793,0.61663,1.94266,0.51476,0.88575,PANC-1
"PANC-1_Hipoksja_6_48h_większa_konfluencja,jpg",2092,159.35612,185.66739,0.76261,1.15382,0.86669,0.89728,PANC-1
"PANC-1_Hipoksja_6_48h_większa_konfluencja,jpg",1251,157.88649,159.1871,0.62037,1.61692,0.61846,0.81658,PANC-1
"PANC-1_Hipoksja_6_48h_większa_konfluencja,jpg",1405,158.76441,153.88391,0.74559,1.58745,0.62994,0.89206,PANC-1
"PANC-1_Hipoksja_6_48h_większa_konfluencja,jpg",994,153.16901,133.76391,0.6981,1.5939,0.62739,0.88671,PANC-1
"PANC-1_Hipoksja_6_48h_większa_konfluencja,jpg",1127,153.61491,140.66763,0.71572,1.43711,0.69584,0.87773,PANC-1
"PANC-1_Hipoksja_6_48h_większa_konfluencja,jpg",1793,159.86615,175.44318,0.73201,1.12735,0.88704,0.89672,PANC-1
"PANC-1_Hipoksja_6_48h_większa_konfluencja,jpg",1114,157.90395,129.04781,0.84061,1.15211,0.86797,0.92679,PANC-1
"PANC-1_Hipoksja_6_48h_większa_konfluencja,jpg",649,136.75347,98.96119,0.83277,1.70731,0.58572,0.94814,PANC-1
"PANC-1_Hipoksja_6_48h_większa_konfluencja,jpg",3159,151.76733,231.34021,0.74175,1.10325,0.90641,0.90064,PANC-1
"PANC-1_Hipoksja_6_48h_większa_konfluencja,jpg",5812,158.98985,297.80842,0.8235,1.30172,0.76822,0.94929,PANC-1
"PANC-1_Hipoksja_6_48h_większa_konfluencja,jpg",1882,151.03294,170.89391,0.8098,1.20102,0.83263,0.92938,PANC-1
"PANC-1_Hipoksja_6_48h_większa_konfluencja,jpg",953,154.44071,125.85752,0.75604,1.24677,0.80207,0.89274,PANC-1
"PANC-1_Hipoksja_6_48h_większa_konfluencja,jpg",1509,152.38767,187.00238,0.54226,1.83988,0.54351,0.80074,PANC-1
"PANC-1_Hipoksja_6_48h_większa_konfluencja,jpg",1049,152.85415,139.51908,0.6772,1.95036,0.51273,0.89125,PANC-1
"PANC-1_Hipoksja_6_48h_większa_konfluencja,jpg",6380,155.72132,319.93648,0.78325,1.28759,0.77665,0.91071,PANC-1
"PANC-1_Hipoksja_6_48h_większa_konfluencja,jpg",1764,156.12642,176.80693,0.7091,1.39219,0.71829,0.88822,PANC-1
"PANC-1_Hipoksja_6_48h_większa_konfluencja,jpg",1374,157.60553,144.40424,0.82801,1.09879,0.9101,0.92463,PANC-1
"PANC-1_Hipoksja_2_48h_większa_konfluencja_po_obrobieniu,jpg",1761,140.09881,188.26747,0.62434,1.93546,0.51667,0.8987,PANC-1
"PANC-1_Hipoksja_2_48h_większa_konfluencja_po_obrobieniu,jpg",1147,149.28771,155.00465,0.59991,1.28021,0.78112,0.86014,PANC-1
"PANC-1_Hipoksja_2_48h_większa_konfluencja_po_obrobieniu,jpg",441,117.11338,80.16925,0.86225,1.20634,0.82896,0.92453,PANC-1
"PANC-1_Hipoksja_2_48h_większa_konfluencja_po_obrobieniu,jpg",751,137.502,105.71025,0.84453,1.51093,0.66184,0.94228,PANC-1
"PANC-1_Hipoksja_2_48h_większa_konfluencja_po_obrobieniu,jpg",929,138.56943,125.32881,0.74323,1.43351,0.69759,0.9253,PANC-1
"PANC-1_Hipoksja_2_48h_większa_konfluencja_po_obrobieniu,jpg",1434,145.2371,151.99085,0.78005,1.18303,0.84529,0.9213,PANC-1
"PANC-1_Hipoksja_2_48h_większa_konfluencja_po_obrobieniu,jpg",1998,152.95846,173.34433,0.83558,1.25894,0.79432,0.95415,PANC-1
"PANC-1_Hipoksja_2_48h_większa_konfluencja_po_obrobieniu,jpg",1228,150.28746,133.32717,0.8681,1.07755,0.92803,0.94571,PANC-1
"PANC-1_Hipoksja_2_48h_większa_konfluencja_po_obrobieniu,jpg",1913,157.18662,168.3006,0.8487,1.25233,0.79851,0.94144,PANC-1
"PANC-1_Hipoksja_2_48h_większa_konfluencja_po_obrobieniu,jpg",1506,153.83599,156.63973,0.77131,1.11338,0.89816,0.92848,PANC-1
"PANC-1_Hipoksja_2_48h_większa_konfluencja_po_obrobieniu,jpg",568,147.45775,89.49902,0.89109,1.27283,0.78565,0.93575,PANC-1
"PANC-1_Hipoksja_2_48h_większa_konfluencja_po_obrobieniu,jpg",1757,162.26238,165.10835,0.80992,1.29432,0.77261,0.92791,PANC-1
"PANC-1_Hipoksja_2_48h_większa_konfluencja_po_obrobieniu,jpg",1134,159.49206,125.90642,0.89893,1.03319,0.96788,0.95254,PANC-1
"PANC-1_Hipoksja_2_48h_większa_konfluencja_po_obrobieniu,jpg",914,160.29869,120.59782,0.78973,1.73737,0.57558,0.90991,PANC-1
"PANC-1_Hipoksja_2_48h_większa_konfluencja_po_obrobieniu,jpg",2024,157.78607,181.942,0.76834,1.21954,0.81998,0.90783,PANC-1
"PANC-1_Hipoksja_2_48h_większa_konfluencja_po_obrobieniu,jpg",1426,164.37377,147.54114,0.8232,1.02667,0.97403,0.93816,PANC-1
"PANC-1_Hipoksja_2_48h_większa_konfluencja_po_obrobieniu,jpg",715,158.95944,103.52029,0.83843,1.34331,0.74443,0.93586,PANC-1
"PANC-1_Hipoksja_2_48h_większa_konfluencja_po_obrobieniu,jpg",1413,166.32555,148.65121,0.80355,1.51818,0.65868,0.93083,PANC-1
"PANC-1_Hipoksja_2_48h_większa_konfluencja_po_obrobieniu,jpg",1305,170.1364,140.03588,0.83626,1.34054,0.74597,0.93716,PANC-1
"PANC-1_Hipoksja_2_48h_większa_konfluencja_po_obrobieniu,jpg",3436,167.54627,235.27434,0.78003,1.00405,0.99596,0.90899,PANC-1
"PANC-1_Hipoksja_4_48h_większa_konfluencja_po_obrobieniu,jpg",1406,123.05334,141.22881,0.88583,1.37978,0.72476,0.95387,PANC-1
"PANC-1_Hipoksja_4_48h_większa_konfluencja_po_obrobieniu,jpg",927,125.17044,121.76898,0.78563,1.31668,0.75949,0.93873,PANC-1
"PANC-1_Hipoksja_4_48h_większa_konfluencja_po_obrobieniu,jpg",3061,130.93695,207.50879,0.89331,1.19845,0.83441,0.96546,PANC-1
"PANC-1_Hipoksja_4_48h_większa_konfluencja_po_obrobieniu,jpg",1208,114.17053,158.38721,0.60511,1.43134,0.69865,0.79526,PANC-1
"PANC-1_Hipoksja_4_48h_większa_konfluencja_po_obrobieniu,jpg",1439,125.77623,141.33709,0.90523,1.11477,0.89704,0.95551,PANC-1
"PANC-1_Hipoksja_4_48h_większa_konfluencja_po_obrobieniu,jpg",1357,126.89831,140.66954,0.86177,1.12999,0.88496,0.94171,PANC-1
"PANC-1_Hipoksja_4_48h_większa_konfluencja_po_obrobieniu,jpg",3155,133.08241,218.5326,0.83019,1.21038,0.82619,0.93969,PANC-1
"PANC-1_Hipoksja_4_48h_większa_konfluencja_po_obrobieniu,jpg",708,114.35734,117.94626,0.63955,2.04787,0.48831,0.84841,PANC-1
"PANC-1_Hipoksja_4_48h_większa_konfluencja_po_obrobieniu,jpg",4279,133.18813,258.68074,0.80357,1.05347,0.94924,0.92339,PANC-1
"PANC-1_Hipoksja_4_48h_większa_konfluencja_po_obrobieniu,jpg",1861,125.04997,167.3927,0.83461,1.03361,0.96749,0.93003,PANC-1
"PANC-1_Hipoksja_4_48h_większa_konfluencja_po_obrobieniu,jpg",2230,124.22825,209.03118,0.64135,1.52997,0.65361,0.85523,PANC-1
"PANC-1_Hipoksja_4_48h_większa_konfluencja_po_obrobieniu,jpg",945,122.16931,126.20261,0.7456,1.65061,0.60584,0.89446,PANC-1
"PANC-1_Hipoksja_4_48h_większa_konfluencja_po_obrobieniu,jpg",2485,137.0173,195.31093,0.81862,1.16466,0.85862,0.91613,PANC-1
"PANC-1_Hipoksja_4_48h_większa_konfluencja_po_obrobieniu,jpg",1492,128.5744,181.9265,0.56648,2.4416,0.40957,0.81131,PANC-1
"PANC-1_Hipoksja_4_48h_większa_konfluencja_po_obrobieniu,jpg",1675,124.16716,161.34051,0.80861,1.2698,0.78752,0.90835,PANC-1
"PANC-1_Hipoksja_4_48h_większa_konfluencja_po_obrobieniu,jpg",869,120.88262,114.88925,0.82731,1.25647,0.79588,0.91909,PANC-1
"PANC-1_Hipoksja_4_48h_większa_konfluencja_po_obrobieniu,jpg",1681,136.31231,164.05632,0.78486,1.44198,0.69349,0.91958,PANC-1
"PANC-1_Hipoksja_4_48h_większa_konfluencja_po_obrobieniu,jpg",1248,123.11458,140.50133,0.79444,1.65855,0.60294,0.93378,PANC-1
"PANC-1_Hipoksja_4_48h_większa_konfluencja_po_obrobieniu,jpg",1212,135.16584,133.88603,0.84965,1.17581,0.85048,0.92661,PANC-1
"PANC-1_Hipoksja_4_48h_większa_konfluencja_po_obrobieniu,jpg",1681,140.21356,162.64616,0.79853,1.43118,0.69873,0.92668,PANC-1
"PANC-1_Hipoksja_5_48h_większa_konfluencja_po_obrobieniu,jpg",1697,168.132,158.86219,0.84499,1.0866,0.9203,0.93939,PANC-1
"PANC-1_Hipoksja_5_48h_większa_konfluencja_po_obrobieniu,jpg",853,152.09379,119.32654,0.75281,1.5173,0.65907,0.90745,PANC-1
"PANC-1_Hipoksja_5_48h_większa_konfluencja_po_obrobieniu,jpg",1573,163.46281,183.63492,0.58618,1.96038,0.51011,0.87681,PANC-1
"PANC-1_Hipoksja_5_48h_większa_konfluencja_po_obrobieniu,jpg",626,163.61182,100.54242,0.77819,1.12016,0.89273,0.91454,PANC-1
"PANC-1_Hipoksja_5_48h_większa_konfluencja_po_obrobieniu,jpg",3443,173.12954,233.88413,0.79094,1.72844,0.57856,0.94368,PANC-1
"PANC-1_Hipoksja_5_48h_większa_konfluencja_po_obrobieniu,jpg",448,143.84598,89.15194,0.70831,2.04454,0.48911,0.8951,PANC-1
"PANC-1_Hipoksja_5_48h_większa_konfluencja_po_obrobieniu,jpg",1220,170.30246,141.03665,0.77074,1.56193,0.64023,0.93774,PANC-1
"PANC-1_Hipoksja_5_48h_większa_konfluencja_po_obrobieniu,jpg",2883,177.68713,231.00106,0.67893,1.33675,0.74809,0.88314,PANC-1
"PANC-1_Hipoksja_5_48h_większa_konfluencja_po_obrobieniu,jpg",2518,173.73868,201.54136,0.779,1.45447,0.68754,0.93311,PANC-1
"PANC-1_Hipoksja_5_48h_większa_konfluencja_po_obrobieniu,jpg",1003,168.25723,119.92931,0.87631,1.09032,0.91716,0.94623,PANC-1
"PANC-1_Hipoksja_5_48h_większa_konfluencja_po_obrobieniu,jpg",1440,167.60139,155.55837,0.7478,1.65953,0.60258,0.88889,PANC-1
"PANC-1_Hipoksja_5_48h_większa_konfluencja_po_obrobieniu,jpg",2228,172.37522,179.15768,0.87228,1.21353,0.82404,0.95234,PANC-1
"PANC-1_Hipoksja_5_48h_większa_konfluencja_po_obrobieniu,jpg",1215,168.26996,138.56672,0.79519,1.15387,0.86665,0.91664,PANC-1
"PANC-1_Hipoksja_5_48h_większa_konfluencja_po_obrobieniu,jpg",1530,168.99935,166.03118,0.69746,1.48638,0.67278,0.87454,PANC-1
"PANC-1_Hipoksja_5_48h_większa_konfluencja_po_obrobieniu,jpg",571,147.94571,102.48298,0.68319,1.9362,0.51647,0.92695,PANC-1
"PANC-1_Hipoksja_5_48h_większa_konfluencja_po_obrobieniu,jpg",890,159.84157,114.07628,0.85943,1.18608,0.84312,0.93145,PANC-1
"PANC-1_Hipoksja_5_48h_większa_konfluencja_po_obrobieniu,jpg",2266,169.07149,181.96473,0.85999,1.14458,0.87368,0.9304,PANC-1
"PANC-1_Hipoksja_5_48h_większa_konfluencja_po_obrobieniu,jpg",1017,165.22616,133.66211,0.71534,1.79329,0.55764,0.8925,PANC-1
"PANC-1_Hipoksja_5_48h_większa_konfluencja_po_obrobieniu,jpg",1336,167.09581,143.56699,0.81453,1.53216,0.65267,0.9359,PANC-1
"PANC-1_Hipoksja_5_48h_większa_konfluencja_po_obrobieniu,jpg",773,152.26908,105.42183,0.87403,1.35674,0.73706,0.93982,PANC-1
"PANC-1_Hipoksja_5_48h_większa_konfluencja_po_obrobieniu,jpg",2094,166.81137,185.15342,0.76758,1.33287,0.75026,0.91822,PANC-1
"PANC-1_Hipoksja_5_48h_większa_konfluencja_po_obrobieniu,jpg",787,153.47014,117.28085,0.719,1.58682,0.63019,0.89078,PANC-1
"PANC-1_Hipoksja_5_48h_większa_konfluencja_po_obrobieniu,jpg",902,159.28603,120.94237,0.77492,1.49587,0.66851,0.902,PANC-1
"PANC-1_Hipoksja_12_48h_większa_konfluencja_po_obrobieniu,jpg",2759,161.77456,199.84608,0.8681,1.10673,0.90357,0.94405,PANC-1
"PANC-1_Hipoksja_12_48h_większa_konfluencja_po_obrobieniu,jpg",709,153.25247,101.46873,0.86535,1.14,0.87719,0.94282,PANC-1
"PANC-1_Hipoksja_12_48h_większa_konfluencja_po_obrobieniu,jpg",2151,160.65272,182.79657,0.80894,1.61744,0.61826,0.93725,PANC-1
"PANC-1_Hipoksja_12_48h_większa_konfluencja_po_obrobieniu,jpg",1481,157.91695,155.96332,0.7651,1.61195,0.62036,0.93764,PANC-1
"PANC-1_Hipoksja_12_48h_większa_konfluencja_po_obrobieniu,jpg",2717,161.70298,202.1086,0.83585,1.18892,0.8411,0.94471,PANC-1
"PANC-1_Hipoksja_12_48h_większa_konfluencja_po_obrobieniu,jpg",1906,161.13956,173.78827,0.79303,1.21889,0.82042,0.93386,PANC-1
"PANC-1_Hipoksja_12_48h_większa_konfluencja_po_obrobieniu,jpg",974,161.09548,118.74999,0.86796,1.33228,0.75059,0.94886,PANC-1
"PANC-1_Hipoksja_12_48h_większa_konfluencja_po_obrobieniu,jpg",1633,166.45315,152.33221,0.88433,1.35803,0.73636,0.95191,PANC-1
"PANC-1_Hipoksja_12_48h_większa_konfluencja_po_obrobieniu,jpg",1172,162.88737,135.77763,0.79888,1.50475,0.66456,0.91206,PANC-1
"PANC-1_Hipoksja_12_48h_większa_konfluencja_po_obrobieniu,jpg",1319,150.38211,150.34041,0.73334,1.34766,0.74203,0.93712,PANC-1
"PANC-1_Hipoksja_12_48h_większa_konfluencja_po_obrobieniu,jpg",4436,154.66321,268.17913,0.77509,1.2182,0.82088,0.93232,PANC-1
"PANC-1_Hipoksja_12_48h_większa_konfluencja_po_obrobieniu,jpg",1137,153.98593,148.93627,0.64412,1.27463,0.78454,0.83114,PANC-1
"PANC-1_Hipoksja_12_48h_większa_konfluencja_po_obrobieniu,jpg",2282,144.95706,186.49467,0.8245,1.092,0.91575,0.93467,PANC-1
"PANC-1_Hipoksja_12_48h_większa_konfluencja_po_obrobieniu,jpg",7598,152.6045,343.71627,0.80818,1.11106,0.90004,0.93216,PANC-1
"PANC-1_Hipoksja_12_48h_większa_konfluencja_po_obrobieniu,jpg",1929,154.08294,172.55498,0.81412,1.062,0.94162,0.93121,PANC-1
"PANC-1_Hipoksja_12_48h_większa_konfluencja_po_obrobieniu,jpg",3354,152.3703,237.21059,0.74904,1.89998,0.52632,0.94426,PANC-1
"PANC-1_Hipoksja_12_48h_większa_konfluencja_po_obrobieniu,jpg",2125,149.49553,188.72285,0.74976,1.60408,0.62341,0.90349,PANC-1
"PANC-1_Hipoksja_12_48h_większa_konfluencja_po_obrobieniu,jpg",5312,157.32982,278.4765,0.86078,1.22157,0.81862,0.95471,PANC-1
"PANC-1_Hipoksja_12_48h_większa_konfluencja_po_obrobieniu,jpg",2445,159.72393,189.3339,0.8571,1.13391,0.88191,0.95155,PANC-1
"PANC-1_Hipoksja_12_48h_większa_konfluencja_po_obrobieniu,jpg",1179,155.24427,146.05487,0.69453,1.72228,0.58063,0.90449,PANC-1
"PANC-1_Hipoksja_12_48h_większa_konfluencja_po_obrobieniu,jpg",1213,158.11954,133.82778,0.8511,1.36503,0.73258,0.94214,PANC-1
"PANC-1_Normoksja_21_48h_większa_konfluencja_po_obrobieniu,jpg",867,107.83622,122.84774,0.72193,1.39829,0.71516,0.88289,PANC-1
"PANC-1_Normoksja_21_48h_większa_konfluencja_po_obrobieniu,jpg",507,104.6568,88.17616,0.81944,1.51676,0.6593,0.92098,PANC-1
"PANC-1_Normoksja_21_48h_większa_konfluencja_po_obrobieniu,jpg",837,100.56272,123.00944,0.69512,1.39699,0.71582,0.88013,PANC-1
"PANC-1_Normoksja_21_48h_większa_konfluencja_po_obrobieniu,jpg",603,106.36318,109.23606,0.63503,1.51234,0.66123,0.80346,PANC-1
"PANC-1_Normoksja_21_48h_większa_konfluencja_po_obrobieniu,jpg",1430,118.29091,161.31919,0.69052,1.31673,0.75946,0.86957,PANC-1
"PANC-1_Normoksja_21_48h_większa_konfluencja_po_obrobieniu,jpg",851,109.16216,116.0668,0.79382,1.55723,0.64217,0.92803,PANC-1
"PANC-1_Normoksja_21_48h_większa_konfluencja_po_obrobieniu,jpg",728,119.34066,110.2189,0.75306,1.27834,0.78226,0.90943,PANC-1
"PANC-1_Normoksja_21_48h_większa_konfluencja_po_obrobieniu,jpg",1417,116.22583,153.07962,0.75988,1.14157,0.87599,0.90659,PANC-1
"PANC-1_Normoksja_21_48h_większa_konfluencja_po_obrobieniu,jpg",670,108.46866,100.89646,0.82705,1.07336,0.93165,0.92991,PANC-1
"PANC-1_Normoksja_21_48h_większa_konfluencja_po_obrobieniu,jpg",1319,107.42684,164.41354,0.61317,2.13736,0.46787,0.89881,PANC-1
"PANC-1_Normoksja_21_48h_większa_konfluencja_po_obrobieniu,jpg",1023,120.38905,135.93884,0.69566,1.70929,0.58504,0.89501,PANC-1
"PANC-1_Normoksja_21_48h_większa_konfluencja_po_obrobieniu,jpg",599,91.85142,92.75186,0.87497,1.17748,0.84927,0.93521,PANC-1
"PANC-1_Normoksja_21_48h_większa_konfluencja_po_obrobieniu,jpg",972,107.76852,120.1429,0.84621,1.21378,0.82387,0.94049,PANC-1
"PANC-1_Normoksja_21_48h_większa_konfluencja_po_obrobieniu,jpg",1026,118.90741,139.78177,0.65987,1.41975,0.70435,0.88144,PANC-1
"PANC-1_Normoksja_21_48h_większa_konfluencja_po_obrobieniu,jpg",982,106.16599,121.28059,0.83896,1.12334,0.8902,0.93926,PANC-1
"PANC-1_Normoksja_21_48h_większa_konfluencja_po_obrobieniu,jpg",904,123.91372,127.82103,0.6953,1.35632,0.73729,0.88627,PANC-1
"PANC-1_Normoksja_21_48h_większa_konfluencja_po_obrobieniu,jpg",1099,134.30573,143.64223,0.66933,1.36619,0.73196,0.86672,PANC-1
"PANC-1_Normoksja_21_48h_większa_konfluencja_po_obrobieniu,jpg",927,124.03128,126.07888,0.73283,1.45751,0.6861,0.94255,PANC-1
"PANC-1_Normoksja_21_48h_większa_konfluencja_po_obrobieniu,jpg",572,114.88636,97.97507,0.74882,1.1343,0.8816,0.91374,PANC-1
"PANC-1_Normoksja_21_48h_większa_konfluencja_po_obrobieniu,jpg",982,127.67821,128.75761,0.74435,1.29505,0.77217,0.90758,PANC-1
"PANC-1_Normoksja_21_48h_większa_konfluencja_po_obrobieniu,jpg",819,119.20879,117.66615,0.74335,1.79218,0.55798,0.9156,PANC-1
"PANC-1_Normoksja_21_48h_większa_konfluencja_po_obrobieniu,jpg",961,136.51613,118.78205,0.85592,1.12409,0.88961,0.92761,PANC-1
"PANC-1_Normoksja_7_48h_większa_konfluencja_po_obrobieniu,jpg",782,130.18542,120.73294,0.67416,2.574,0.3885,0.9249,PANC-1
"PANC-1_Normoksja_7_48h_większa_konfluencja_po_obrobieniu,jpg",715,139.91189,100.97031,0.88131,1.12803,0.8865,0.93586,PANC-1
"PANC-1_Normoksja_7_48h_większa_konfluencja_po_obrobieniu,jpg",771,135.47082,132.74042,0.54987,1.75128,0.57101,0.79814,PANC-1
"PANC-1_Normoksja_7_48h_większa_konfluencja_po_obrobieniu,jpg",938,143.75267,134.80105,0.64867,1.04368,0.95815,0.85234,PANC-1
"PANC-1_Normoksja_7_48h_większa_konfluencja_po_obrobieniu,jpg",665,140.50526,107.48476,0.72333,1.1973,0.83521,0.91535,PANC-1
"PANC-1_Normoksja_7_48h_większa_konfluencja_po_obrobieniu,jpg",513,129.62573,99.36348,0.65294,1.40047,0.71405,0.86949,PANC-1
"PANC-1_Normoksja_7_48h_większa_konfluencja_po_obrobieniu,jpg",652,137.0092,106.52602,0.72201,1.53455,0.65166,0.92025,PANC-1
"PANC-1_Normoksja_7_48h_większa_konfluencja_po_obrobieniu,jpg",2338,147.07742,190.64708,0.80834,1.43175,0.69845,0.93801,PANC-1
"PANC-1_Normoksja_7_48h_większa_konfluencja_po_obrobieniu,jpg",676,145.6568,107.69815,0.73239,1.06191,0.9417,0.8854,PANC-1
"PANC-1_Normoksja_7_48h_większa_konfluencja_po_obrobieniu,jpg",1247,146.32318,162.44169,0.59386,1.13203,0.88337,0.84946,PANC-1
"PANC-1_Normoksja_7_48h_większa_konfluencja_po_obrobieniu,jpg",1606,140.91532,181.04341,0.61573,1.83221,0.54579,0.8674,PANC-1
"PANC-1_Normoksja_7_48h_większa_konfluencja_po_obrobieniu,jpg",3976,139.36343,245.98571,0.82573,1.11219,0.89912,0.93202,PANC-1
"PANC-1_Normoksja_7_48h_większa_konfluencja_po_obrobieniu,jpg",611,116.05728,104.75862,0.69963,1.46724,0.68155,0.82179,PANC-1
"PANC-1_Normoksja_7_48h_większa_konfluencja_po_obrobieniu,jpg",835,124.65988,133.13641,0.59197,1.74403,0.57339,0.85291,PANC-1
"PANC-1_Normoksja_7_48h_większa_konfluencja_po_obrobieniu,jpg",709,121.77574,144.32443,0.42774,1.5167,0.65932,0.70094,PANC-1
"PANC-1_Normoksja_7_48h_większa_konfluencja_po_obrobieniu,jpg",947,131.87012,139.92993,0.60777,1.82632,0.54755,0.84516,PANC-1
"PANC-1_Normoksja_7_48h_większa_konfluencja_po_obrobieniu,jpg",864,128.00926,120.31978,0.74998,1.7133,0.58367,0.90188,PANC-1
"PANC-1_Normoksja_7_48h_większa_konfluencja_po_obrobieniu,jpg",1762,133.32179,187.65728,0.62876,2.11505,0.4728,0.88144,PANC-1
"PANC-1_Normoksja_14_48h_większa_konfluencja_po_obrobieniu,jpg",867,125.80277,127.76517,0.66743,1.61876,0.61776,0.88379,PANC-1
"PANC-1_Normoksja_14_48h_większa_konfluencja_po_obrobieniu,jpg",1090,130.05872,135.9025,0.74162,1.48571,0.67308,0.90344,PANC-1
"PANC-1_Normoksja_14_48h_większa_konfluencja_po_obrobieniu,jpg",2048,140.55029,193.21624,0.68937,1.77534,0.56327,0.91654,PANC-1
"PANC-1_Normoksja_14_48h_większa_konfluencja_po_obrobieniu,jpg",1527,128.15586,162.58061,0.72596,1.41026,0.70909,0.89692,PANC-1
"PANC-1_Normoksja_14_48h_większa_konfluencja_po_obrobieniu,jpg",1415,132.17809,148.72242,0.80392,1.12824,0.88633,0.90705,PANC-1
"PANC-1_Normoksja_14_48h_większa_konfluencja_po_obrobieniu,jpg",622,128.43408,96.72276,0.83549,1.1097,0.90114,0.9208,PANC-1
"PANC-1_Normoksja_14_48h_większa_konfluencja_po_obrobieniu,jpg",1025,136.80098,136.89796,0.68729,1.23593,0.80911,0.85452,PANC-1
"PANC-1_Normoksja_14_48h_większa_konfluencja_po_obrobieniu,jpg",753,118.69456,103.80824,0.87809,1.22542,0.81605,0.94777,PANC-1
"PANC-1_Normoksja_14_48h_większa_konfluencja_po_obrobieniu,jpg",876,125.22717,114.18378,0.84432,1.61345,0.61979,0.9364,PANC-1
"PANC-1_Normoksja_14_48h_większa_konfluencja_po_obrobieniu,jpg",1205,138.08133,146.80829,0.70258,1.22684,0.8151,0.94994,PANC-1
"PANC-1_Normoksja_14_48h_większa_konfluencja_po_obrobieniu,jpg",996,126.28715,127.12371,0.77449,1.49729,0.66787,0.90959,PANC-1
"PANC-1_Normoksja_14_48h_większa_konfluencja_po_obrobieniu,jpg",1154,142.72877,149.44599,0.6493,1.31099,0.76278,0.91806,PANC-1
"PANC-1_Normoksja_14_48h_większa_konfluencja_po_obrobieniu,jpg",880,128.475,127.19669,0.6835,1.51782,0.65884,0.86914,PANC-1
"PANC-1_Normoksja_14_48h_większa_konfluencja_po_obrobieniu,jpg",1253,147.11812,152.51071,0.67696,1.24246,0.80486,0.88583,PANC-1
"PANC-1_Normoksja_14_48h_większa_konfluencja_po_obrobieniu,jpg",1737,139.47668,162.36342,0.82801,1.26178,0.79253,0.94223,PANC-1
"PANC-1_Normoksja_14_48h_większa_konfluencja_po_obrobieniu,jpg",1336,133.43638,170.84257,0.57521,1.23318,0.81091,0.82014,PANC-1
"PANC-1_Normoksja_14_48h_większa_konfluencja_po_obrobieniu,jpg",611,124.10475,103.53391,0.71628,1.5794,0.63315,0.86239,PANC-1
"PANC-1_Normoksja_14_48h_większa_konfluencja_po_obrobieniu,jpg",999,127.75976,155.08639,0.52195,1.96457,0.50902,0.81718,PANC-1
"PANC-1_Normoksja_14_48h_większa_konfluencja_po_obrobieniu,jpg",652,113.72239,131.27188,0.47546,2.16406,0.46209,0.82794,PANC-1
"PANC-1_Normoksja_14_48h_większa_konfluencja_po_obrobieniu,jpg",742,125.25606,108.0338,0.7989,1.57027,0.63683,0.94103,PANC-1
"PANC-1_Normoksja_18_48h_większa_konfluencja_po_obrobieniu,jpg",536,115.48694,89.28517,0.84492,1.18385,0.8447,0.92975,PANC-1
"PANC-1_Normoksja_18_48h_większa_konfluencja_po_obrobieniu,jpg",812,141.1564,113.5203,0.79181,1.18755,0.84207,0.93819,PANC-1
"PANC-1_Normoksja_18_48h_większa_konfluencja_po_obrobieniu,jpg",1019,130.23553,185.91859,0.37046,2.63863,0.37898,0.72604,PANC-1
"PANC-1_Normoksja_18_48h_większa_konfluencja_po_obrobieniu,jpg",560,129.57679,90.00188,0.86875,1.05014,0.95225,0.93023,PANC-1
"PANC-1_Normoksja_18_48h_większa_konfluencja_po_obrobieniu,jpg",534,120.31461,91.01396,0.81009,1.11524,0.89667,0.94097,PANC-1
"PANC-1_Normoksja_18_48h_większa_konfluencja_po_obrobieniu,jpg",720,115.67083,104.299,0.83173,1.22328,0.81748,0.92308,PANC-1
"PANC-1_Normoksja_18_48h_większa_konfluencja_po_obrobieniu,jpg",560,121.96607,109.37538,0.58825,1.45374,0.68788,0.81455,PANC-1
"PANC-1_Normoksja_18_48h_większa_konfluencja_po_obrobieniu,jpg",617,106.83955,115.42866,0.58193,1.05,0.95238,0.77708,PANC-1
"PANC-1_Normoksja_18_48h_większa_konfluencja_po_obrobieniu,jpg",820,128.97927,117.39498,0.7477,1.2461,0.80251,0.89666,PANC-1
"PANC-1_Normoksja_18_48h_większa_konfluencja_po_obrobieniu,jpg",1032,136.66957,133.09223,0.73212,1.26263,0.792,0.89467,PANC-1
"PANC-1_Normoksja_18_48h_większa_konfluencja_po_obrobieniu,jpg",398,114.53015,73.82614,0.91764,1.26944,0.78775,0.94988,PANC-1
"PANC-1_Normoksja_18_48h_większa_konfluencja_po_obrobieniu,jpg",580,114.17414,96.55469,0.78179,1.49546,0.66869,0.9098,PANC-1
"PANC-1_Normoksja_18_48h_większa_konfluencja_po_obrobieniu,jpg",537,113.64804,89.29265,0.84636,1.12268,0.89072,0.91873,PANC-1
"PANC-1_Normoksja_18_48h_większa_konfluencja_po_obrobieniu,jpg",559,127.15027,99.61121,0.70795,1.07643,0.92899,0.84825,PANC-1
"PANC-1_Normoksja_18_48h_większa_konfluencja_po_obrobieniu,jpg",577,127.28769,101.62426,0.70209,1.27426,0.78477,0.93517,PANC-1
U87_Normoksja_13_48h_większa_konfluencja_po_obrobieniu.jpg,850,155.90706,250.12657,0.17073,7.01151,0.14262,0.51189,U87
U87_Normoksja_13_48h_większa_konfluencja_po_obrobieniu.jpg,1016,134.50984,189.22792,0.35656,2.76134,0.36214,0.64796,U87
U87_Normoksja_13_48h_większa_konfluencja_po_obrobieniu.jpg,1142,151.12172,263.26523,0.20706,2.63056,0.38015,0.40648,U87
U87_Normoksja_13_48h_większa_konfluencja_po_obrobieniu.jpg,1476,126.86111,256.49973,0.28192,5.62694,0.17772,0.64468,U87
U87_Normoksja_13_48h_większa_konfluencja_po_obrobieniu.jpg,540,132.87593,116.17101,0.50281,2.64480,0.37810,0.81203,U87
U87_Normoksja_13_48h_większa_konfluencja_po_obrobieniu.jpg,1352,134.26331,295.86041,0.19409,5.12858,0.19499,0.50410,U87
U87_Normoksja_13_48h_większa_konfluencja_po_obrobieniu.jpg,1986,137.40584,305.88547,0.26673,3.90663,0.25598,0.60567,U87
U87_Normoksja_13_48h_większa_konfluencja_po_obrobieniu.jpg,1817,142.10567,274.23184,0.30362,1.50211,0.66573,0.52889,U87
U87_Normoksja_13_48h_większa_konfluencja_po_obrobieniu.jpg,875,156.51886,190.63486,0.30256,1.61556,0.61898,0.57775,U87
U87_Normoksja_13_48h_większa_konfluencja_po_obrobieniu.jpg,1427,131.38192,286.13373,0.21903,2.71459,0.36838,0.45627,U87
U87_Normoksja_13_48h_większa_konfluencja_po_obrobieniu.jpg,869,167.92980,297.49719,0.12339,10.51449,0.09511,0.42829,U87
U87_Normoksja_13_48h_większa_konfluencja_po_obrobieniu.jpg,836,130.26914,170.88914,0.35974,4.86853,0.20540,0.80773,U87
U87_Normoksja_13_48h_większa_konfluencja_po_obrobieniu.jpg,1399,134.52252,250.92306,0.27922,7.76206,0.12883,0.72751,U87
U87_Normoksja_13_48h_większa_konfluencja_po_obrobieniu.jpg,505,180.57822,155.84286,0.26129,6.51920,0.15339,0.69036,U87
U87_Normoksja_13_48h_większa_konfluencja_po_obrobieniu.jpg,887,156.55017,262.77829,0.16142,6.50565,0.15371,0.48776,U87
U87_Normoksja_13_48h_większa_konfluencja_po_obrobieniu.jpg,1365,148.66447,295.97974,0.19580,1.18610,0.84310,0.38917,U87
U87_Normoksja_13_48h_większa_konfluencja_po_obrobieniu.jpg,855,143.84327,199.06711,0.27113,6.79176,0.14724,0.75430,U87
U87_Normoksja_13_48h_większa_konfluencja_po_obrobieniu.jpg,1132,136.57509,159.92638,0.55618,1.79118,0.55829,0.77774,U87
U87_Normoksja_13_48h_większa_konfluencja_po_obrobieniu.jpg,830,142.77590,171.83942,0.35322,3.43137,0.29143,0.68257,U87
U87_Normoksja_13_48h_większa_konfluencja_po_obrobieniu.jpg,1548,140.90245,237.99425,0.34344,2.34168,0.42704,0.61271,U87
U87_Normoksja_13_48h_większa_konfluencja_po_obrobieniu.jpg,1392,145.70761,220.06079,0.36121,3.69903,0.27034,0.72841,U87
U87_Normoksja_13_48h_większa_konfluencja_po_obrobieniu.jpg,1797,134.98609,278.96835,0.29017,6.38788,0.15655,0.70748,U87
U87_Normoksja_13_48h_większa_konfluencja_po_obrobieniu.jpg,1407,138.87704,201.57731,0.43513,2.60631,0.38368,0.75442,U87
U87_Normoksja_13_48h_większa_konfluencja_po_obrobieniu.jpg,612,146.64706,149.01803,0.34632,4.97153,0.20115,0.71039,U87
U87_Normoksja_13_48h_większa_konfluencja_po_obrobieniu.jpg,1182,133.51946,248.79030,0.23997,5.64840,0.17704,0.72404,U87
U87_Normoksja_13_48h_większa_konfluencja_po_obrobieniu.jpg,618,141.43042,146.20852,0.36329,2.94921,0.33907,0.67028,U87
U87_Normoksja_13_48h_większa_konfluencja_po_obrobieniu.jpg,1041,147.58501,240.21918,0.22670,7.79422,0.12830,0.67183,U87
U87_Normoksja_13_48h_większa_konfluencja_po_obrobieniu.jpg,1145,131.39301,186.60324,0.41322,1.82795,0.54706,0.70462,U87
U87_Normoksja_13_48h_większa_konfluencja_po_obrobieniu.jpg,1074,148.51397,227.33309,0.26115,1.41563,0.70640,0.47459,U87
U87_Normoksja_13_48h_większa_konfluencja_po_obrobieniu.jpg,588,177.39626,239.46970,0.12885,12.58546,0.07946,0.58977,U87
U87_Normoksja_13_48h_większa_konfluencja_po_obrobieniu.jpg,759,168.51252,211.65821,0.21290,5.25389,0.19034,0.63462,U87
U87_Normoksja_13_48h_większa_konfluencja_po_obrobieniu.jpg,1126,151.92096,239.83172,0.24600,5.94817,0.16812,0.57215,U87
U87_Normoksja_13_48h_większa_konfluencja_po_obrobieniu.jpg,1678,144.83433,272.84751,0.28324,1.91452,0.52232,0.53372,U87
U87_Normoksja_13_48h_większa_konfluencja_po_obrobieniu.jpg,1248,145.35817,343.00598,0.13330,12.38421,0.08075,0.58840,U87
U87_Normoksja_13_48h_większa_konfluencja_po_obrobieniu.jpg,1144,131.42570,181.43429,0.43671,4.08434,0.24484,0.80991,U87
U87_Normoksja_13_48h_większa_konfluencja_po_obrobieniu.jpg,783,164.27203,224.95361,0.19444,8.66855,0.11536,0.71442,U87
U87_Normoksja_13_48h_większa_konfluencja_po_obrobieniu.jpg,1423,135.95081,236.98988,0.31839,4.88508,0.20470,0.73200,U87
U87_Normoksja_13_48h_większa_konfluencja_po_obrobieniu.jpg,1045,126.34258,233.56895,0.24071,7.02390,0.14237,0.72119,U87
U87_Normoksja_13_48h_większa_konfluencja_po_obrobieniu.jpg,621,150.19807,230.06347,0.14744,3.76245,0.26578,0.43871,U87
U87_Normoksja_13_48h_większa_konfluencja_po_obrobieniu.jpg,1836,148.80011,311.82138,0.23729,1.24712,0.80185,0.43693,U87
U87_Hipoksja_11_48h_większa_konfluencja_po_obrobieniu.jpg,2327,128.95875,284.44924,0.36141,1.25076,0.79952,0.61880,U87
U87_Hipoksja_11_48h_większa_konfluencja_po_obrobieniu.jpg,2435,118.67762,262.73851,0.44326,2.88954,0.34608,0.73810,U87
U87_Hipoksja_11_48h_większa_konfluencja_po_obrobieniu.jpg,1010,107.65743,164.21925,0.47063,3.84431,0.26012,0.90705,U87
U87_Hipoksja_11_48h_większa_konfluencja_po_obrobieniu.jpg,1546,122.94114,225.68375,0.38143,2.03673,0.49098,0.64565,U87
U87_Hipoksja_11_48h_większa_konfluencja_po_obrobieniu.jpg,1922,103.40323,242.13473,0.41195,1.35398,0.73856,0.70339,U87
U87_Hipoksja_11_48h_większa_konfluencja_po_obrobieniu.jpg,1005,114.48657,200.66946,0.31363,2.24442,0.44555,0.63547,U87
U87_Hipoksja_11_48h_większa_konfluencja_po_obrobieniu.jpg,1623,121.05484,268.85196,0.28216,4.66520,0.21435,0.64265,U87
U87_Hipoksja_11_48h_większa_konfluencja_po_obrobieniu.jpg,5397,122.00222,485.72690,0.28746,1.62098,0.61691,0.49878,U87
U87_Hipoksja_11_48h_większa_konfluencja_po_obrobieniu.jpg,1299,112.51963,220.70660,0.33511,2.43149,0.41127,0.62034,U87
U87_Hipoksja_11_48h_większa_konfluencja_po_obrobieniu.jpg,2513,114.42658,240.35884,0.54662,2.82763,0.35365,0.84033,U87
U87_Hipoksja_11_48h_większa_konfluencja_po_obrobieniu.jpg,878,113.58542,247.37846,0.18029,2.44808,0.40848,0.39666,U87
U87_Hipoksja_11_48h_większa_konfluencja_po_obrobieniu.jpg,1809,114.58651,214.81994,0.49261,1.48606,0.67292,0.79099,U87
U87_Hipoksja_11_48h_większa_konfluencja_po_obrobieniu.jpg,1794,107.42921,274.04604,0.30018,7.14599,0.13994,0.80179,U87
U87_Hipoksja_11_48h_większa_konfluencja_po_obrobieniu.jpg,1584,121.16919,270.46882,0.2721,2.76174,0.36209,0.53128,U87
U87_Hipoksja_11_48h_większa_konfluencja_po_obrobieniu.jpg,1552,115.16688,251.59241,0.30811,2.09199,0.47801,0.60097,U87
U87_Hipoksja_11_48h_większa_konfluencja_po_obrobieniu.jpg,1598,116.26283,248.30492,0.3257,2.34671,0.42613,0.62022,U87
U87_Hipoksja_11_48h_większa_konfluencja_po_obrobieniu.jpg,1318,119.94613,189.73225,0.46009,2.73130,0.36613,0.75422,U87
U87_Hipoksja_11_48h_większa_konfluencja_po_obrobieniu.jpg,1214,96.12356,240.49183,0.26377,1.32913,0.75237,0.47468,U87
U87_Hipoksja_11_48h_większa_konfluencja_po_obrobieniu.jpg,1750,124.21829,236.26959,0.39394,1.31470,0.76063,0.63636,U87
U87_Hipoksja_11_48h_większa_konfluencja_po_obrobieniu.jpg,2598,133.65050,314.03903,0.33104,3.54494,0.28209,0.77633,U87
U87_Hipoksja_11_48h_większa_konfluencja_po_obrobieniu.jpg,1643,116.94279,234.95873,0.37399,1.58615,0.63046,0.61605,U87
U87_Hipoksja_11_48h_większa_konfluencja_po_obrobieniu.jpg,3353,126.18222,301.29935,0.46414,1.98897,0.50277,0.72380,U87
U87_Hipoksja_11_48h_większa_konfluencja_po_obrobieniu.jpg,1558,131.31579,291.60394,0.23025,1.94277,0.51473,0.44552,U87
U87_Hipoksja_11_48h_większa_konfluencja_po_obrobieniu.jpg,703,108.58464,150.50870,0.38998,3.86028,0.25905,0.76873,U87
U87_Hipoksja_11_48h_większa_konfluencja_po_obrobieniu.jpg,2121,138.06554,290.37611,0.3161,1.34804,0.74182,0.52087,U87
U87_Hipoksja_11_48h_większa_konfluencja_po_obrobieniu.jpg,1469,120.63581,203.16526,0.44723,3.19817,0.31268,0.72958,U87
U87_Hipoksja_11_48h_większa_konfluencja_po_obrobieniu.jpg,2040,134.67451,342.68062,0.2183,1.09247,0.91535,0.46311,U87
U87_Hipoksja_11_48h_większa_konfluencja_po_obrobieniu.jpg,1513,135.76008,200.87527,0.47119,1.38186,0.72366,0.76958,U87
U87_Hipoksja_11_48h_większa_konfluencja_po_obrobieniu.jpg,2808,138.70976,312.27196,0.36186,3.26772,0.30602,0.64872,U87
U87_Hipoksja_11_48h_większa_konfluencja_po_obrobieniu.jpg,1406,118.26671,225.64216,0.34702,3.42633,0.29186,0.67016,U87
U87_Hipoksja_11_48h_większa_konfluencja_po_obrobieniu.jpg,2165,135.62725,234.55324,0.49452,1.46340,0.68334,0.71429,U87
U87_Hipoksja_11_48h_większa_konfluencja_po_obrobieniu.jpg,1422,106.68073,246.22173,0.29475,3.72508,0.26845,0.70658,U87
U87_Hipoksja_11_48h_większa_konfluencja_po_obrobieniu.jpg,1567,126.77281,336.18383,0.17423,3.69747,0.27046,0.38888,U87
U87_Hipoksja_11_48h_większa_konfluencja_po_obrobieniu.jpg,1527,126.14145,210.86057,0.43158,1.31797,0.75874,0.65354,U87
U87_Hipoksja_11_48h_większa_konfluencja_po_obrobieniu.jpg,1945,129.29460,366.36877,0.18209,2.38231,0.41976,0.35952,U87
U87_Hipoksja_11_48h_większa_konfluencja_po_obrobieniu.jpg,1931,140.09529,265.54736,0.34412,1.84868,0.54093,0.58648,U87
U87_Hipoksja_11_48h_większa_konfluencja_po_obrobieniu.jpg,1769,129.72244,241.85564,0.38004,1.85622,0.53873,0.61232,U87
U87_Hipoksja_11_48h_większa_konfluencja_po_obrobieniu.jpg,1980,108.94899,250.50970,0.39648,2.34645,0.42618,0.69437,U87
U87_Hipoksja_11_48h_większa_konfluencja_po_obrobieniu.jpg,2031,134.65239,213.02646,0.56241,2.39705,0.41718,0.86205,U87
U87_Hipoksja_11_48h_większa_konfluencja_po_obrobieniu.jpg,643,115.03266,122.44735,0.53892,2.87139,0.34826,0.86951,U87
